source,source_lean,title,description,url,published,scraped_at,language,full_text,mentions_johor,mentions_neg_sembilan,mentions_melaka
GoogleNews-The Edge Malaysia,business_neutral,Opinion: BN-PN likely to take control of Negeri Sembilan — Ong Kian Ming - The Edge Malaysia,,https://news.google.com/rss/articles/CBMiUEFVX3lxTE0zeUdKMURLaGliTHY0WE5TZlBqWlFkUkgzQXpVa25XT0NMNjRtd3lLN2dCdkoxcnFFczFmSWZIODdqVE51c1RuWEZ2Rm1NV0FN?oc=5,"Mon, 27 Jul 2026 07:00:00 GMT",2026-08-09T20:50:33.079319,en,Opinion: BN-PN likely to take control of Negeri Sembilan — Ong Kian Ming - The Edge Malaysia,False,True,False
GoogleNews-fulcrum.sg,unknown,Negeri Sembilan State Polls Will Shape National Politics - fulcrum.sg,,https://news.google.com/rss/articles/CBMiggFBVV95cUxNXzdsMWx6SmhkV0E1cjhvZlBsQnNna2s5RWFBT3pmdk54VTVWUEtrajhTcUR5MUVOdTNkV0RZTW1rV2F4amZZcnhicjJjSnZFQW0yc2gwT3V6bklZQ1V6UDFTb3RwVXItYlpSVjd4bW15TFk5RzZjYlJFZDhsVXVDSkt3?oc=5,"Mon, 20 Jul 2026 07:00:00 GMT",2026-08-09T20:50:33.079319,en,Negeri Sembilan State Polls Will Shape National Politics - fulcrum.sg,False,True,False
GoogleNews-CNA,unknown,"Negeri Sembilan polls: BN-PN wins supermajority of 25 seats, as Anwar’s PH suffers another setback - CNA",,https://news.google.com/rss/articles/CBMiuAFBVV95cUxPS25qS095TDdmalpRMUR3YzlMME4wOGJKSkQ4RGNQenI1dkVUUlgyTGQyNmlwcHgza1UyWERPY2doSEdfc3dTdFZOQUhoaGJCUHctYWVYR2RXQl9mWnlfV05tdHdSSTlIaExPVFNVOHJGUDhub2hxSkNiS3l1Z2pHOVB6eW5jRGpZeFVZQmZBb2dEckZ1TV9jejhqaHlUQ2JvQ1AwRi0wd0V0QnAtUFRHMWpYVkFSckRa?oc=5,"Sat, 01 Aug 2026 14:17:00 GMT",2026-08-09T20:50:33.079319,en,"Negeri Sembilan polls: BN-PN wins supermajority of 25 seats, as Anwar’s PH suffers another setback - CNA",False,True,False
GoogleNews-Malaysiakini,independent_left,"BN to contest 25 seats in N Sembilan, signals electoral pact with PN - Malaysiakini",,https://news.google.com/rss/articles/CBMiUkFVX3lxTE1wbldwQTF4T2ROMlNTXzkxWVREcHl3ZFhhWWE3eDdqNzZ1QnB6R3pMRDA3ZHk3aDBsZTVVR19KeWw1N1duTy1YVlkydk9lbm4zN0E?oc=5,"Wed, 15 Jul 2026 07:00:00 GMT",2026-08-09T20:50:33.079319,en,"BN to contest 25 seats in N Sembilan, signals electoral pact with PN - Malaysiakini",False,False,False
GoogleNews-Malay Mail,centrist,Zahid: BN and Perikatan will partner to establish Negeri Sembilan administration - Malay Mail,,https://news.google.com/rss/articles/CBMiygFBVV95cUxNRllrWVFuRG9iUXNFVFpIanNuUExMN1o1WG5YZnh3TmdGT01KSHI5TlNHVHZlXy1lY29tSE9FVy1nS25BUy15eS1mYVpwRi0tb3J6YWRXMGxvR0UzcXdCLWk2dEdOQUFBaENnbVkzXzdsZVF4Rkl0NEZiRUxOZEM4NFZzcWlKTzc5TjlLdzZZZEtuaFlmd3c2X3pUNTRWUzBWSzkzUmhzcUExQjE4OFptZ082c1lKVXh3Ml9JeHIxRm1QQ2hnTmpLUkZB0gHPAUFVX3lxTE5ZUDNrVlpOWnh1eDJkb0I5ZGczT2prd1hITExUMmFnazVEb3lxVFpOTS02aThPUEhHUGFFTFpwbmlsZDZLZHhoVDhBdktIY1JaQTdQbXRFdlRiMTctSHhtNjVoT2xielZXZHFqTVVuT2xkVWFaOHBXNUZEQkZIRTktRUxKUnpxQkNsT0xCTERyLWVDZzdCNlEtVHk2dUVmLWRGblFxYWZVb21sX2dJeGoyZFQzekdTdVdISXZKNXVTb0hiNWVjRzAyS1hvajZ6UQ?oc=5,"Sat, 01 Aug 2026 14:20:00 GMT",2026-08-09T20:50:33.079319,en,Zahid: BN and Perikatan will partner to establish Negeri Sembilan administration - Malay Mail,False,True,False
GoogleNews-South China Morning Post,unknown,Malaysia’s Anwar suffers another election loss to BN in Negeri Sembilan - South China Morning Post,,https://news.google.com/rss/articles/CBMivgFBVV95cUxQMUljNnlVWXQ5ZEVtMGF2bW8wY00xMEtYSWZpUEE5M0FPZUljbmZvYkhVLUxnWWxkUmlYeUdhSkpFenZUMG1XOGNzdFFoYi1XMGFvaFFwN3pPQ1dGMVV1QVBKZ05hRXpteTZTc1E1OEN0a3Rxak5IaVltOEdmSTlwcmYwLXFPaTFEdGx0aTNmc1JWbTdNQXpBT1hJVndyTjhaRFNtRmxDa18tdDRDTmpvMVZ0eHBLN1hEMmVoRkNB0gG-AUFVX3lxTFBWN2lIR1Y2SDhITVQ2RVpfQ2x6blh0WTViNzc0SkpOX0dlemFfZVRBZ2huZ21uYkE5Uy1kMWFGODhUNF9jaURCcVJGVmM2dHdDYnR3dFRWU2szd1pCVFczOEtJY1RyWnh4UjFRTXNzQ2xtYVZzRUQxNzZTcVMzQVBtUlBlNk9XNVozaVYzNVVpb2tGUXREWWk1dl83R1V2UnRFZk8wSHJyOFF2S01PZldyN01UQXJTQThQVEJob3c?oc=5,"Sat, 01 Aug 2026 07:00:00 GMT",2026-08-09T20:50:33.079319,en,Malaysia’s Anwar suffers another election loss to BN in Negeri Sembilan - South China Morning Post,False,True,False
GoogleNews-Free Malaysia Today,independent_left,Negeri Sembilan victory marks BN’s political comeback after 2018 rout - Free Malaysia Today,,https://news.google.com/rss/articles/CBMiygFBVV95cUxPV2dfbDQ4NWtLSUJ1MkpXc0lTd0M0WmNVbHhCS1NZbmtKTURMc0tSQTJ5akJKRjBIUWhvX1NDczZRWVlsV2FOMS1VbHlQdzhvaktJTnBjWWQ3LWtwbDhvNl80THNlS2dzdDJBZi1EcHB5MnFxVWtpMEJDT3JsaDN6b2xQVVdwSm40dFYwV01MLWFfeTF5cjRTUHdDNHNwNnptenh1ZGJleVoyYnc5dkNmV2czbGtKemdOS0x4a1M5RE94dGc4UmE2eTh3?oc=5,"Sun, 02 Aug 2026 14:30:00 GMT",2026-08-09T20:50:33.079319,en,Negeri Sembilan victory marks BN’s political comeback after 2018 rout - Free Malaysia Today,False,True,False
GoogleNews-The Straits Times,unknown,"Anwar’s PH loses Negeri Sembilan, as BN claims win together with ally PN - The Straits Times",,https://news.google.com/rss/articles/CBMisgFBVV95cUxPeU5vRTQ1MEFwb0ZTTlBEREw3WU05NENGV1FnZ1ZNTnRYQVpsTWNGQl9jMFdtXzJGQ0EtSHBQMVRraXc5M28zY2ZSd2hkWHB5TGVzUGdHQnlWcnFrMk1OVHRPTUdnRGVJUG0zU1JRdmptVUtDbnpoZVBESXU1RF9iMXNRMUZxdDZBb3U2TGM4R1p2Q29RRldsMFZKQ1I0VWdCYzJlSUNJOHlTVlJ3OUN6NEFn?oc=5,"Sat, 01 Aug 2026 14:15:00 GMT",2026-08-09T20:50:33.079319,en,"Anwar’s PH loses Negeri Sembilan, as BN claims win together with ally PN - The Straits Times",False,True,False
GoogleNews-The Edge Malaysia,business_neutral,A test of Malaysia’s new political equation as BN teams up with PN against PH with Bersatu likely a spoiler - The Edge Malaysia,,https://news.google.com/rss/articles/CBMiUEFVX3lxTE5aUTVjRjJ5VTNXTjdIaGgyWU5sWklGaHBrbHA3UmExYmQ4a0F4Q282MHBhaFlsd2J5S3lvQWY4TVJPeTBfODdpQVZUdHl1ZkdX?oc=5,"Tue, 28 Jul 2026 07:00:00 GMT",2026-08-09T20:50:33.079319,en,A test of Malaysia’s new political equation as BN teams up with PN against PH with Bersatu likely a spoiler - The Edge Malaysia,False,False,False
GoogleNews-CNA,unknown,"Negeri Sembilan polls: As BN-PN rides Malay-Muslim support to win big, what's next for them and Malaysian politics? - CNA",,https://news.google.com/rss/articles/CBMiowFBVV95cUxNSTFueDdJOEM4NjlDNU5PandXSlhEQk9wd0VlUmh3d05maXJPZXctSTYwT1plRnVXbklGOXRVU01FTVNPTWJuSENJeEVDb29tNWE2aHpBLW1sWWFkUHVja2ZOX0dTZVlqYkUtNWJHMFFSNTFhZlVRQi1FQVlyX19vTTRCMjJ5OUY3anF0NmdpWFVrdk1lVmRKTTBOeWw2U0tHOGRZ?oc=5,"Mon, 03 Aug 2026 11:30:00 GMT",2026-08-09T20:50:33.079319,en,"Negeri Sembilan polls: As BN-PN rides Malay-Muslim support to win big, what's next for them and Malaysian politics? - CNA",False,True,False
GoogleNews-South China Morning Post,unknown,What Negeri Sembilan loss means for Malaysian PM Anwar’s political strategy - South China Morning Post,,https://news.google.com/rss/articles/CBMixAFBVV95cUxQT1IzV3o0RzJXcmYwSklDT0VINUduSC12YmZ6MnJWV0pQOTIyZWdKSWNqUko4MG5OS0pxcU9oWTBYa3d2RGtEZFpHNFF5d1U3REVuMEJZOW8tRVB6ekhualE1SldVR1I0dTdiZzlCakIzcnljRGdnYmk4Z1Nxck5SemFpWDVMSlI5bDlHSHRnMV93Zy0tNE5IbFEyRnhiRS1OX2NxWWZ1NFpnU256cGM3bXN6TldEUGVpa1EwdVRVamlFa1lJ0gHEAUFVX3lxTE42a2FXak1qX1NFX29YdDZpcF9HMmt2Q3JEUEJ2d2FiaTk5V2YwbFVyc2NEY1ZZNHdXc2tmbG85VGlyOHFlNE9KMDlLcjVRTlF1YzZkc0F1clN3TGlzNEdQOFczWlFiNU5nbXhzenJvX2ZkbUJsVHRzT2lpN0NKcWZRM0RLN1ZaVG9mLWFZaE02Q2hyTHZwTzVYSWJ4V2UySzdPanR6SDNkTTZQZzNiSXpYUXlhbkxWV1hOeDlxek9KRm9XRTU?oc=5,"Sun, 02 Aug 2026 00:00:10 GMT",2026-08-09T20:50:33.079319,en,What Negeri Sembilan loss means for Malaysian PM Anwar’s political strategy - South China Morning Post,False,True,False
GoogleNews-Malaysiakini,independent_left,"BN-PN secures two-thirds, no Indian in state govt, opposition without Malay - Malaysiakini",,https://news.google.com/rss/articles/CBMiUkFVX3lxTE1LX3MyY3ZBS180OTFoQjI0NHY4WnhMM0dldzBUMkFSdklLajBpS3diZk5nTFpGOW1xekRHWVF3M1lPbVdkandRUEtfMDdhdW84YkE?oc=5,"Sat, 01 Aug 2026 09:30:12 GMT",2026-08-09T20:50:33.079319,en,"BN-PN secures two-thirds, no Indian in state govt, opposition without Malay - Malaysiakini",False,False,False
GoogleNews-Free Malaysia Today,independent_left,Negeri Sembilan polls — race that hinges on race - Free Malaysia Today,,https://news.google.com/rss/articles/CBMiqwFBVV95cUxOeUUxUGhRN1dnQlZOVE01cHNLei11YUFyVmVnNFU1MzdZQWsxenZLenBCWFlkdXU1dmpEYnd4bTBwVXJqQ2ZfZm9lVEtLWkRoOW5GbWxTTk9iQXdYR0lYbGRPM3dKck5GXzhJZGRTRnNOcVFMNFliQndqN0owd3FXTUNkQW1UVGpfMm5pdTVEckpsbDZETzZXMnlaaWdHd3dNVGY4UTZWY041T3M?oc=5,"Sat, 01 Aug 2026 07:00:00 GMT",2026-08-09T20:50:33.079319,en,Negeri Sembilan polls — race that hinges on race - Free Malaysia Today,False,True,False
GoogleNews-The Edge Malaysia,business_neutral,Zahid confident ‘blue and dark blue wave’ will spread to Melaka as BN-PN declares victory in Negeri Sembilan - The Edge Malaysia,,https://news.google.com/rss/articles/CBMiUEFVX3lxTFBHWEo3NXVodDFmeHJpc05YZlJMSVpVRlVNeEs2NUdLeDJiZ2t4SkpSV2h2bk9HczFkbTNUbURHLXhjLVJzSTdqak5LeHVmUzVY?oc=5,"Sat, 01 Aug 2026 13:37:01 GMT",2026-08-09T20:50:33.079319,en,Zahid confident ‘blue and dark blue wave’ will spread to Melaka as BN-PN declares victory in Negeri Sembilan - The Edge Malaysia,False,True,True
GoogleNews-CNA,unknown,"Negeri Sembilan polls: BN not contesting all 36 seats, as it eyes pact with ‘trusted friend’ - CNA",,https://news.google.com/rss/articles/CBMiswFBVV95cUxPaWpBa0g1bmZOS2FCN3pVMklpcjBzSVF5aXphQkF6alhVQUlyMjVxdmFoeUxqZGpXQk1iY2x5czJQb042cm9JQ2ZkaEtlS2EtZ1Rob3pUM1c0U1hYME5LVG5RRVIxT0VJV09vYUI5bWMtRHEyb0NFU2h0ZTllQUxNSm1GN3NDSEh4ekV3U1lzaENUQ2JzUmhDRzdhX0M4Q3pNdFJuT0FHWVQ4VFFiTklNYUcwRQ?oc=5,"Thu, 16 Jul 2026 07:00:00 GMT",2026-08-09T20:50:33.079319,en,"Negeri Sembilan polls: BN not contesting all 36 seats, as it eyes pact with ‘trusted friend’ - CNA",False,True,False
GoogleNews-Free Malaysia Today,independent_left,"OFFICIAL: BN wins 18 seats, PH 11, PN 7 - Free Malaysia Today",,https://news.google.com/rss/articles/CBMiwwFBVV95cUxNV2pleXhtTmFMcXhzY2NpQi1IS2JPby1Zd3dmdWtoMHhPbmFENFlYVDZfZXA0MWRfUzRlVjJVNnZKVE13Y0gwaFhCMFk4TUliR2JKR2t6MDNZZGxZX2dkV1VFVzVsVldlc2hEc3FJSjJ3QVpPekdrMnF3SG9WNWJfaUlWMFRUdTFITE9BT0toU2xDcjhFRmdSSnNTeXJTdk1hTFlySGJZZlpDcWlGXzk1aWVhVk1IUGZueVBhZ0xsWUVmV0U?oc=5,"Sat, 01 Aug 2026 15:48:00 GMT",2026-08-09T20:50:33.079319,en,"OFFICIAL: BN wins 18 seats, PH 11, PN 7 - Free Malaysia Today",False,False,False
GoogleNews-The Edge Malaysia,business_neutral,‘Blue wave’ faces its real test in Negeri Sembilan - The Edge Malaysia,,https://news.google.com/rss/articles/CBMiUEFVX3lxTE14ZTctcWp5WUVxRkNBajV6VDlvbE56UF9rZ2d2MjRWNjlxQVhkanNPcHdCTWFhRS02OS1BbjNsTnVLZlM1anJleWN2WERSOGpJ?oc=5,"Thu, 30 Jul 2026 07:00:00 GMT",2026-08-09T20:50:33.079319,en,‘Blue wave’ faces its real test in Negeri Sembilan - The Edge Malaysia,False,True,False
GoogleNews-CNA,unknown,"Negeri Sembilan electoral battle begins after 103 candidates confirmed; BN, PN to campaign for each other - CNA",,https://news.google.com/rss/articles/CBMilAFBVV95cUxQUzhTcDF5MHNLLW8tdHhKeFh5aEZ6M290SWN6WndOdDR4UzVWdzZMRHFFcWxkdHgya1d5VnREejBiRzdmbHVSME0tNms5eWFaa2E1ODh2RWZjMTJlVWt0TWFYQkJIVXNsckZzRmc2TEdZaktPS1JIcWRPYzFKNUJFalY4Zm83OVhaTndZRE14V0sweGxL?oc=5,"Sat, 18 Jul 2026 07:00:00 GMT",2026-08-09T20:50:33.079319,en,"Negeri Sembilan electoral battle begins after 103 candidates confirmed; BN, PN to campaign for each other - CNA",False,True,False
GoogleNews-The Edge Malaysia,business_neutral,N Sembilan state election live report: Official: BN-PN wins two-thirds majority in N Sembilan - The Edge Malaysia,,https://news.google.com/rss/articles/CBMiUEFVX3lxTE1XMUgxZ0Uza0JGTmlzRkdHdWg1WXk2ZnBfcDBQQUxIQmh4X1NfM0hiekYtbEpxTFhLZGFEeWJPS1pjM05ueHRJa3dwY0hRSXhp?oc=5,"Sat, 01 Aug 2026 09:15:12 GMT",2026-08-09T20:50:33.079319,en,N Sembilan state election live report: Official: BN-PN wins two-thirds majority in N Sembilan - The Edge Malaysia,False,False,False
GoogleNews-The Edge Malaysia,business_neutral,N Sembilan state polls: BN-PN sweeps PH in Negeri Sembilan with two-thirds majority - The Edge Malaysia,,https://news.google.com/rss/articles/CBMiUEFVX3lxTE4tNG04T3ZUYnU1VmtfdkNoVUJneHVwN2hKeUJHMW93eTltM2l5VzNtNEMzTXlkaERtV0lwR3ZXNk9lVHUzS3NsLVV2azBGN291?oc=5,"Sat, 01 Aug 2026 16:18:49 GMT",2026-08-09T20:50:33.079319,en,N Sembilan state polls: BN-PN sweeps PH in Negeri Sembilan with two-thirds majority - The Edge Malaysia,False,True,False
GoogleNews-CNA,unknown,"As Negeri Sembilan votes, all eyes on whether Anwar’s PH can retain state - CNA",,https://news.google.com/rss/articles/CBMinAFBVV95cUxNRVRYc0ZydWhGNmNYZUg3S3haRWRFdXFKdXpZVE1qZVJaSC1oLWhkUkVtZW0zbmNRYkUwc1NzRjNIQUFnRk9reEt6YzhWekNXVWpDeW15aEUzaG5iSVBNbEk4VC1xX0FnYVRNeFNoWENncVRvZVI1NVE2eU9OU0hON0ZiN3c2U0QtQk1zR0JENnp0aEpHeFpZeGJVMFo?oc=5,"Sat, 01 Aug 2026 07:00:00 GMT",2026-08-09T20:50:33.079319,en,"As Negeri Sembilan votes, all eyes on whether Anwar’s PH can retain state - CNA",False,True,False
GoogleNews-Free Malaysia Today,independent_left,BN-PN claim victory in Negeri Sembilan polls - Free Malaysia Today,,https://news.google.com/rss/articles/CBMiqgFBVV95cUxQTnhDSEVPTk1tMzFoTFJSSjBQb1VGYlE5Y2tUYkUycTRiVGROTUN2NU1rQXJfOW5IYm05aUR5UnM5eHFjZS00X3BBTmVHeVZGbmlGNWpRcDlGVDNDZG5HbjFRSlhlUHJFOFdWWmJmODVTYUxBdVVJWDJfZUdiaFJWRzZLUXEycVM3aDVIV1RENDR4MmpQcDM1Z1UteHc1U2xxTDhMMEVVN1FxUQ?oc=5,"Sat, 01 Aug 2026 12:27:00 GMT",2026-08-09T20:50:33.079319,en,BN-PN claim victory in Negeri Sembilan polls - Free Malaysia Today,False,True,False
GoogleNews-CNA,unknown,Negeri Sembilan polls: Anwar’s Pakatan Harapan faces electoral test amid rivals’ Malay-Muslim unity narrative - CNA,,https://news.google.com/rss/articles/CBMijwFBVV95cUxOSVlWU0tUV1ZmSUwtZzh1aEtvTnEyTUtkOEZqcEUzZGJVZ1BWMWtlVmhCTGV0clVJbHFHNENUak94OXE3Z1pOMHFrR0NKYXVFQmRpUDZtUzY3VWRZZnpPekU0dFlxbFU3LUd3bjRaQm1LSGFhcEotandBRkctNjdpaGZiV0hFb294QmpBUFNPOA?oc=5,"Fri, 31 Jul 2026 07:00:00 GMT",2026-08-09T20:50:33.079319,en,Negeri Sembilan polls: Anwar’s Pakatan Harapan faces electoral test amid rivals’ Malay-Muslim unity narrative - CNA,False,True,False
GoogleNews-Free Malaysia Today,independent_left,Ilham Centre projects BN-PN win in Negeri Sembilan polls - Free Malaysia Today,,https://news.google.com/rss/articles/CBMiuAFBVV95cUxOcU9xZ1AtNlFoeUFzQUJSWUFVU0doc1NFdGlMSWVuSjdjZE9sVzVnaC1RalJHMlFOU1lTREVkQkNyYm5IVFVUby1lZFU4N05QUV9vQy1pY2h6VmNoVV9mMHNYT0hZMUpNeTVzZzZhY3FwbnBPaHBuYWMxWl9zSVdXNU0yWk9sS1pQWGJyWFdya3FYZ0xuaWlZazJ0ZzUyRGVGTk5PQWc5YTQtZTltNU0wTnYxQl9DZ2I1?oc=5,"Fri, 31 Jul 2026 07:00:00 GMT",2026-08-09T20:50:33.079319,en,Ilham Centre projects BN-PN win in Negeri Sembilan polls - Free Malaysia Today,False,True,False
GoogleNews-Malaysiakini,independent_left,YOURSAY | N Sembilan voters show Harapan their true feelings - disappointment - Malaysiakini,,https://news.google.com/rss/articles/CBMiUkFVX3lxTE4wX1dGWVZ1ekp5cnhCbFpCcUxneHNvZHhJUThRcWJpQkJEMUxCaUNQc2VWRzZwU2VFMXZKT0ctQ2ZnWENVcW15NExEc29kaTA1VXc?oc=5,"Sun, 02 Aug 2026 00:03:40 GMT",2026-08-09T20:50:33.079319,en,YOURSAY | N Sembilan voters show Harapan their true feelings - disappointment - Malaysiakini,False,False,False
GoogleNews-NST Online,establishment_right,Negri Sembilan election: Official results - NST Online,,https://news.google.com/rss/articles/CBMilgFBVV95cUxPSDQ5Ym51c19zYVJWTHYwdDRwMDV3cVo5aGRSc3JIbHV4WUhwNjNTSkhOdWw1ajVCcDZjRS11Uk9yZ0xzXzF0eWRtNXM4UlFHQktoODkwR29uc2VCSnBXQXZSaVVJUXZQSU4wNkFwMURDLXNoaU9HaVZhWWpWX212dG15SzJrRTFPQzFlODRfeXM5NklRbWfSAZsBQVVfeXFMTktxaDYtMXBvNEFBQW1ZaFVGUEpWdWRqMEdUa0VSSkJjSHo5MTk5WEdJbXZjQVRKc2NFa1BvNWtLdXVqeW8xQXBQOFRQck9IRkpMdXVKY2VVRWRLYWxYRHZMRVdxSzc0RkRvdVhJZ2ZpWG9DOFhwQkxIMFFEUHZQN1d4aDRCaG9fc0swdTdfbkVKMU9XQ1ZGMUYxMHM?oc=5,"Sat, 01 Aug 2026 17:09:00 GMT",2026-08-09T20:50:33.079319,en,Negri Sembilan election: Official results - NST Online,False,False,False
GoogleNews-The Straits Times,unknown,Negeri Sembilan Election: Four key seats that could decide the state’s future - The Straits Times,,https://news.google.com/rss/articles/CBMiwgFBVV95cUxOVzBjWWdJZmwzWUV6UjE3X0htTDRDOTJQVEVsMWU2QXAxOUgwQ1VpRFd6UXB2VEFoYmhYMmRVY01LUkdJdEg4RTNxd0t3OGJ3UlZDSmwxYmpfNlZTRWVMcjJxVVJqUGtIV2plbnZGVDhUU1dvWEZGY0c5ZERRcDNRdl9kUGNSbXBKZloxOE9Sak56bHV5ckREc3pqV0c5SXJyY1BRYU1zSmpRN2RqbWN2U1VyQUVoeWxMbWZEOWNkOUVqUQ?oc=5,"Sat, 18 Jul 2026 07:00:00 GMT",2026-08-09T20:50:33.079319,en,Negeri Sembilan Election: Four key seats that could decide the state’s future - The Straits Times,False,True,False
GoogleNews-Free Malaysia Today,independent_left,Who really won in Negeri Sembilan? - Free Malaysia Today,,https://news.google.com/rss/articles/CBMimwFBVV95cUxPMkRjal96dFM1eUp6SmQwTGNHeGZUN2l0SzZldWtNd3l2MW9sQVB1LWUyOHcwa2h3b2lpYzR1b0c0SXBsMGV0cUE3V3JLSzFtVThjNHVlQXJIS2NlQzZRdXJ6WnIwNlJFN2dHVWlwRHVGc1JqcVRkbEFXZnhJSkllUnVYbTR2VEl2VXlTVzl2NW96MTJPbml6d2dWQQ?oc=5,"Tue, 04 Aug 2026 00:00:00 GMT",2026-08-09T20:50:33.079319,en,Who really won in Negeri Sembilan? - Free Malaysia Today,False,True,False
GoogleNews-Free Malaysia Today,independent_left,"BN-PN poised to take Negeri Sembilan, says Kian Ming - Free Malaysia Today",,https://news.google.com/rss/articles/CBMisgFBVV95cUxNeWRxMHY4cm9pajliNVBGU0dqVkwtUzhjWXBoRk1ZX21EUnN1NEhSaFRNS2k4dVVBczl2NlFScW5laDdVS0lMcGo1VFVsRU1hRlFoQWJYdjdDeWt4NjQxbllBd2tJQ0tfZHlYeFVWaE9YNkVXd0hzeTYwaW84LXgwY1hoTlRyQWJvSGh4a09Hd3lOVG9RZVpyN0FMRVdsbUgxblkta3p6aks5R2tVQkdTeXh3?oc=5,"Mon, 27 Jul 2026 07:00:00 GMT",2026-08-09T20:50:33.079319,en,"BN-PN poised to take Negeri Sembilan, says Kian Ming - Free Malaysia Today",False,True,False
GoogleNews-Free Malaysia Today,independent_left,"Real test for BN-PN lies in PAS states, says analyst - Free Malaysia Today",,https://news.google.com/rss/articles/CBMisgFBVV95cUxPdUxyUFFSWVpibG8tTGJxYTgyOGRmdmNyZVk1QzBKaWV1c0hrTVFoUHBiMG1ubjhBUFoyRzVFOGNNWVQteWR3by1FSE82VlZvVXhvTjRVaW9idzNrZVZhUGk5OS1pZEQ5VXZ2ZU9qal9VWjdiM0I4a1RiN0Q4d3JON3FYZmdzSm5yc0dDd2NBU19FeERkSmVHUkZFUnFkaDBlbldiTy1nVk8tSkJoOWl1S0pR?oc=5,"Mon, 03 Aug 2026 01:45:00 GMT",2026-08-09T20:50:33.079319,en,"Real test for BN-PN lies in PAS states, says analyst - Free Malaysia Today",False,False,False
GoogleNews-The Star,establishment_right,INTERACTIVE: Here’s how Negri Sembilan voted in the polls - The Star,,https://news.google.com/rss/articles/CBMiqAFBVV95cUxQbFI5U24yRmk0Y3I4eVQtWkxrQmpJcDRXRmEzSFY1WFd0eUctRTNIQmRnbVRlZ2w1bVNlaGNQME1Mcy11T21uVjgwMEM0VVpHRmlwU1I4NjhWSDYtMG5kTFljRmp0SUhnNWxZWUdMdWlkNlQxNjNoMkM3WTVUN25LaFZTSE9NSnloR0ZMcjZ6ZmZkUElzZTQwTnd0Ml8tc3JxelQ2TnkyNmI?oc=5,"Sat, 01 Aug 2026 16:07:00 GMT",2026-08-09T20:50:33.079319,en,INTERACTIVE: Here’s how Negri Sembilan voted in the polls - The Star,False,False,False
GoogleNews-The Edge Malaysia,business_neutral,Loke: MCA’s absence in three traditional seats gives DAP advantage in Negeri Sembilan polls - The Edge Malaysia,,https://news.google.com/rss/articles/CBMiUEFVX3lxTE1JZGhiclpZcjE3UkMxa3lDUjhiUFd4allUN2FvcFdYcmtWWnJYcUJWZEplQ2tiYzVrUmtzOHc3WVBNeFFhVDNBSEpkODMtekJt?oc=5,"Sun, 19 Jul 2026 07:00:00 GMT",2026-08-09T20:50:33.079319,en,Loke: MCA’s absence in three traditional seats gives DAP advantage in Negeri Sembilan polls - The Edge Malaysia,False,True,False
GoogleNews-Free Malaysia Today,independent_left,"PN agrees Negeri Sembilan MB’s post for BN if pact wins polls, says Jalaluddin - Free Malaysia Today",,https://news.google.com/rss/articles/CBMi0gFBVV95cUxQOEtqc0prM2NScFFIdjYzcFMyNE1FMkxGcEpaSmdiY1dQeG9kVmpfUUlpdnFNNXZWZkY2VXRXZFJtdXNxdFRCbG9SNVVOalVmSjYtaUVUWUdleXZZX29RSjZKWUZ1YU9QNVotUW5XQnQ5a3JEb3dUZnFUYVlScWwzWW5mRGZKUFNxNkFIMGd6eTlQcTZXT0ZBb3pNS1VfT3ctNFl1YVJ0Q1dWRXdUbE1TSUtRelZlTHRvTFVzWGZFY1hKRlVyY2FINjBudEk5c0I5bXc?oc=5,"Sun, 19 Jul 2026 07:00:00 GMT",2026-08-09T20:50:33.079319,en,"PN agrees Negeri Sembilan MB’s post for BN if pact wins polls, says Jalaluddin - Free Malaysia Today",False,True,False
GoogleNews-The Edge Malaysia,business_neutral,"PH concedes defeat in Negeri Sembilan with 11 seats, blames identity politics - The Edge Malaysia",,https://news.google.com/rss/articles/CBMiUEFVX3lxTE5jZ0lHR1E0dmQ1QThNb01wRGdubF9DLTRsOGFNSW1SRXEydW5Rd284Nk9XS04tXzlUMjhZS1d1R2lxX0F2b3EtVlB6YUFQLTFf?oc=5,"Sat, 01 Aug 2026 14:09:41 GMT",2026-08-09T20:50:33.079319,en,"PH concedes defeat in Negeri Sembilan with 11 seats, blames identity politics - The Edge Malaysia",False,True,False
GoogleNews-Free Malaysia Today,independent_left,BN-PN tie-up may carry on into Melaka polls - Free Malaysia Today,,https://news.google.com/rss/articles/CBMipwFBVV95cUxNTmJiQjE4UzkwZm5uX2ZXaWlnQTdfMjd0dVQtcHdaanV2Zk9YMW5Rc2F4NmlidjFEeWFzRm0yTXBWM3Rnbno3c3gxNFRPTk5QeGVEV3ZDLVZzblFpYXZ2SXRXU2FMb0pCekFoUHZIRFJxMzEwSWc2MEYzUFA1dkpCbERiWkxNRHJHVjREbldHa0g3bkkxYTZzV09hVDN4VW96X1N4cnlPVQ?oc=5,"Fri, 31 Jul 2026 07:00:00 GMT",2026-08-09T20:50:33.079319,en,BN-PN tie-up may carry on into Melaka polls - Free Malaysia Today,False,False,True
GoogleNews-iseas.edu.sg,unknown,Special Issue on Negeri Sembilan State Election 2026 – 3 August 2026 - iseas.edu.sg,,https://news.google.com/rss/articles/CBMickFVX3lxTE93enlBdzJjWTA2NWRpc3RrY2dTYm1laG5rUVRFajROY2Z1NU0tYkkzZ2xfY003X1cyaUw3WElOMGhZa19qLU1DOHhfUUY5M2V2RUNtN0ZCQ0c3YzF2enBieTBNTElnM3lsUlF1Q2NYdEhXUQ?oc=5,"Mon, 03 Aug 2026 11:41:38 GMT",2026-08-09T20:50:33.079319,en,Special Issue on Negeri Sembilan State Election 2026 – 3 August 2026 - iseas.edu.sg,False,True,False
GoogleNews-The Straits Times,unknown,Will the Negeri Sembilan state polls be Bersatu’s toughest test yet? - The Straits Times,,https://news.google.com/rss/articles/CBMirAFBVV95cUxPNzZuajYyVUFXaGJVanlqN2FjMXREZ1NPdVk4bk51ZE9aUmtGUFBYajdKdVB1SWJpZkxUbkRUdVFUVHNmNUlEbElVZTRiUGdubVZRa0ctQjBYYWpseEdUZ0pHdEFFV1BQNDYzWjRfSjdJdEV1YTAtUm12RzEtdnF6MWJPb242b3Joal9GbnA4V29ZTEJxNFdpRzRfVHpvX2tWWmJ6dTNKMlpGaVFn?oc=5,"Wed, 22 Jul 2026 07:00:00 GMT",2026-08-09T20:50:33.079319,en,Will the Negeri Sembilan state polls be Bersatu’s toughest test yet? - The Straits Times,False,True,False
GoogleNews-Free Malaysia Today,independent_left,BN-PN cooperation gets thumbs up from grassroots members - Free Malaysia Today,,https://news.google.com/rss/articles/CBMiuAFBVV95cUxNSzBzS0p4S2NFVERlNWVwUFRsSmJUT0tGdHJYRHpLRE8yV1N0cTZVaS1vSlN6UTB1VzRnTUZ1c2FMcDhIeXY2VFB0Y0M5QV9GS0pBZjhjTEdOMXN5RGdEdDA2OUJEMEo4clRNZDJ1cGZDZF9LQl9MT2dpdU5uUDlrY3lZSGVjUzNWOUVmZHFOeTlHaFlhYzNvZk9PcGlraFBzLXJ2VF9yYk5WSFNFb2o0a2JabkJ0UzNn?oc=5,"Sun, 19 Jul 2026 07:00:00 GMT",2026-08-09T20:50:33.079319,en,BN-PN cooperation gets thumbs up from grassroots members - Free Malaysia Today,False,False,False
GoogleNews-Free Malaysia Today,independent_left,"BN’s support for PN in 11 Negeri Sembilan seats part of ‘political reality’, says Zahid - Free Malaysia Today",,https://news.google.com/rss/articles/CBMi3AFBVV95cUxPbWFlalVabkxjRFMzMGF6b0VNTkh1dmNBRXVwTDFOUS1jSWt4b240YzltbkNNUllSckpRNlVZN2pwMjZOalk2QUVpY0U5MkVTZHN2bkpTZm82VllPWHRIYUxSV2ZjTERzZ3p3aGFhT3hYUXU0SWVYZ2FaQXlFWnk4T0s3SU9Hd29mWUdOS2lKXy1wV0RCSmVEOWpaMzR3ZDVhb2xFN2x4V0lNeFJoODRMcGVFbnUxSzJaNnpFbWdBUlhDMXlES21zMDdReVJfM1o0LTRsY0hhcWR1ZV96?oc=5,"Sat, 18 Jul 2026 07:00:00 GMT",2026-08-09T20:50:33.079319,en,"BN’s support for PN in 11 Negeri Sembilan seats part of ‘political reality’, says Zahid - Free Malaysia Today",False,True,False
GoogleNews-Free Malaysia Today,independent_left,Biggest winners and losers in the Negeri Sembilan polls - Free Malaysia Today,,https://news.google.com/rss/articles/CBMitwFBVV95cUxQcGlhMHRRN1NSVzd6WF9zVGJjendhZUVxN3VLMGFIN2c0dVNwQzVGdWVISkdwQl9sOFZtOG1sdmVQQkpGTXE5anktZXpkMlBPak40RmJFQjJZV1NjLVhkNHJ3X184RFR6N0RWR3RKdzFrZmRaSmpQMlAxamFVbjNMSTVzM1ZoZ0l0aXRxem9GTWV5Wk5GT1N4NTBEV2tIQndJWVBwVlNVT1RUNjYwczVHMDd6UjBTNWM?oc=5,"Sun, 02 Aug 2026 06:00:00 GMT",2026-08-09T20:50:33.079319,en,Biggest winners and losers in the Negeri Sembilan polls - Free Malaysia Today,False,True,False
GoogleNews-CNA,unknown,"BN, PN to begin talks soon on electoral pact for Melaka polls, following Negeri Sembilan victory - CNA",,https://news.google.com/rss/articles/CBMingFBVV95cUxOc3U1VkV1VUdtcWw5RmpSeUxYa3ZRT3phT2R2OU8yUVFZVkJyTWlqdXdjS2xQeVRQWUJfYl9DTFd1VHRzejQ0U0hsaW1tU2dpM3VvRktDN3g1b05ESEJPNkJzRXdxcF9BU1pfeHgxaWJ4MUFNdkdzTlMtaFlfYnNmbkpUbk1rbTdwQUc0NVcwSU5ib1libUFjUHlhQmpZdw?oc=5,"Mon, 03 Aug 2026 09:27:00 GMT",2026-08-09T20:50:33.079319,en,"BN, PN to begin talks soon on electoral pact for Melaka polls, following Negeri Sembilan victory - CNA",False,True,True
GoogleNews-iseas.edu.sg,unknown,Special Issue on Negeri Sembilan State Election 2026 – 4 August 2026 - iseas.edu.sg,,https://news.google.com/rss/articles/CBMickFVX3lxTE5CdWVqRmVsV1o5Q0NsUHE4ZkZQNDROR3A5UzlqWWdkV1FrNGRuMXNwMjRPZG0tNUZMa2xZZUFQTmtJS2lFa29HN0NvRHNzSVp2T2YtQ0k3X2RsRHBxZ2x2cFkxZ3U3UV84NlVLTDFGRUFMUQ?oc=5,"Tue, 04 Aug 2026 07:28:55 GMT",2026-08-09T20:50:33.079319,en,Special Issue on Negeri Sembilan State Election 2026 – 4 August 2026 - iseas.edu.sg,False,True,False
GoogleNews-Malay Mail,centrist,"(Unofficial) Negeri Sembilan polls: ‘PBN’ to form state govt, sets sights on Melaka next - Malay Mail",,https://news.google.com/rss/articles/CBMivwFBVV95cUxNY0JBRnlTRnk0clEyZzJMVjRwRkhlUk5wU1UzVlczYzJxQ3FXdzRyS2Nfc2NfZTdNMFgxRVp3bGx5Z3U1Z1Bxa0FnV2FYekpyZ0VpLWVJcTZCcGh1ZUYzMl9GSGgtVHFPSTJ4dzdFMHh2WmQ1TDI1Y192OWRIcjlOcVNkTVpBYVE0NlZUYjc2aHl2aGhHRVhCX2FWemJfdXBqSEdRVUVHS3pweW82cWxLR003UWZzQktPa1VuaGwtY9IBxAFBVV95cUxONy1lNnZiQjlKYmhKSFhNNm5pTTFKcS1La1BjTlFFWlZzcVhReGRBZ3MzbGtfSS12R3VucTMxTDJDLWE1S0FWZ1d0U3dVQkswNi1nVWxtVmMxN3ZnVC11OEJlMjVxSFZ3VEVLdVlac01MTUtqNTVIejNqWndRRG55eU56MHF2Yi0yQTBYeVBsRi1lV3NSbjhZZlBUTnlHa0ZNUlNWcV9vV2pOcmhhOHFweGM2dFFud29raHlfNUlmRy00eUsy?oc=5,"Sat, 01 Aug 2026 10:00:00 GMT",2026-08-09T20:50:33.079319,en,"(Unofficial) Negeri Sembilan polls: ‘PBN’ to form state govt, sets sights on Melaka next - Malay Mail",False,True,True
GoogleNews-Free Malaysia Today,independent_left,Tok Mat confirms BN to work with ‘trusted’ partner - Free Malaysia Today,,https://news.google.com/rss/articles/CBMitwFBVV95cUxOUkp6QV9PeElTdVlEblo0cGxtbThaYWUzTUZ6QVd2LWN3TnZUcllyb2tnNWpZZEVCblRYc18yZUMyZ2FscUFyTWh2YThXeHpiZW8yZWJkZlhQcEhYR2dxTFBxcEFfR21EQTZmaDRHa09aMUZJUHFmSFJ3SEE1MkpIX1hqZThjRkFWb0hUQVRGdzA2WWNobm1TMFA5U1kwZEVDWUgzZEZLWEhhWnpCaHZYc0lxVjk0c2c?oc=5,"Wed, 15 Jul 2026 07:00:00 GMT",2026-08-09T20:50:33.079319,en,Tok Mat confirms BN to work with ‘trusted’ partner - Free Malaysia Today,False,False,False
GoogleNews-Malay Mail,centrist,"Pakatan leads N. Sembilan forecast, but BN’s trust advantage keeps election race open, says Vodus survey - Malay Mail",,https://news.google.com/rss/articles/CBMi7wFBVV95cUxOTlZkdlJSOThzWjI1c0kyTVd5MGlraHBFXy1iMUZNSTZ1RXBRdjB5UURlbDlLUjlESjZETWVMVHlVOXVJR1hCMnpSVV8zeWNLcHliTlZIRGxuMVBJTWFvdUtCcDFwdWlYQ2V2dUZTem5xaE5sZS12SVVmZFlGQmNFVTd0bWxrbVhGNDZySklDQWloNHJQeE1uN3NxanZ1a0RmLWJmVlZKaW5pMDVybWR4cGVKWjl2Y2JQbXU0VTFad3FXM1VPYVpRY1pDX3lnTEdXeEdVakp4T2Jtd2NLb1pkSEt0WU1VZTR1OGNlbHVnWdIB9AFBVV95cUxNRkdHOGhNNlI2VEgxcWdYOThCTGtVTi11Wmg4azlVMVpQUWJXNjZEWUxrY3pIZXAzNFZOb2h4Wk85TTN2NlJPS2FrVmtXTlZ4RDM0d3pqdk16VzliZkpkYUNyTWFOM2FjdVMtZmV2aWFQWWt3TG9yNTBhWGVWNVhuQlVuY194cG1qX1E5eEY1SnpNYzNKanZ3Ty1SSXNJemhTTlFuQldJOXFqR3h6RmlmU3pBTURmTVZ5OGd1ZWpZaFhyNkVIbTV0RHN0cHdNVlRkQWkxWkRsa2l1Vk5Hb3dZUng3RVktWmQ5a21FSjhrZ2ZLWUZU?oc=5,"Thu, 23 Jul 2026 07:00:00 GMT",2026-08-09T20:50:33.079319,en,"Pakatan leads N. Sembilan forecast, but BN’s trust advantage keeps election race open, says Vodus survey - Malay Mail",False,True,False
GoogleNews-Malaysiakini,independent_left,"COMMENT | BN-PN likely to form N Sembilan govt, but some seats can narrow margin of victory - Malaysiakini",,https://news.google.com/rss/articles/CBMiVkFVX3lxTE00cnZMcWNjalhUdW9IOUFpcGJ4a1RDX1FOOXNuMUliSS16UnZBdDJuSU1xMFRfRGJTTzVNN242LVhMelRVTGdPWXhmWDFaYi1RTEVpeVlB?oc=5,"Mon, 27 Jul 2026 07:00:00 GMT",2026-08-09T20:50:33.079319,en,"COMMENT | BN-PN likely to form N Sembilan govt, but some seats can narrow margin of victory - Malaysiakini",False,False,False
GoogleNews-The Edge Malaysia,business_neutral,DAP's Anthony Loke loses Chennah in major Negeri Sembilan upset - The Edge Malaysia,,https://news.google.com/rss/articles/CBMiUEFVX3lxTE9sY3loZ0ZrSVdadG9BSFNfSnpwMTN3bV8xd1NuVm1yMWlQLUFWc0puXzg2MkxSa3R3U1o4T0NhNmxiQWN4TUFnVHp3bUxlN1F1?oc=5,"Sat, 01 Aug 2026 13:12:45 GMT",2026-08-09T20:50:33.079319,en,DAP's Anthony Loke loses Chennah in major Negeri Sembilan upset - The Edge Malaysia,False,True,False
GoogleNews-The Straits Times,unknown,Negeri Sembilan election: Indian voters could be key to whether Anwar’s PH retains the state - The Straits Times,,https://news.google.com/rss/articles/CBMi0AFBVV95cUxObV9nSzBZZlJ6d2t4aWlqOWRjZmdoV1ZNeVZsQlUtYVlodGlqekdQSGlJM0FmNWFqTzFkWUtYYnZqalBqYWE4a0RYUkkyU05YN2ZmamVIWDJkZUtueVVoMEFDMXdRN2d6Vmh3cE9uOGpzNFRzZHctY01wQlZMbFAyZTVpWE5MYmdmemxFaVBQbW9rUDFvQTI3bmVPaXN5Nm9VaVd3YWtsYVJ4b1hBa0Vhc2JxU1Y5bWJPanpTQ0dtM0RiWFNlbUFnZ3VlT2hjSndy?oc=5,"Thu, 30 Jul 2026 07:00:00 GMT",2026-08-09T20:50:33.079319,en,Negeri Sembilan election: Indian voters could be key to whether Anwar’s PH retains the state - The Straits Times,False,True,False
GoogleNews-Free Malaysia Today,independent_left,"BN-PN pact could shake PH’s grip on Selangor, say analysts - Free Malaysia Today",,https://news.google.com/rss/articles/CBMiugFBVV95cUxPWnJpMG9XVzVUbUZVczIzSDBHYlY1QzNoLXgybzY1Rk1VMFlCX3VER2FPUXd4MkJxV1lNS0k0ZkxQT3NEdWFVLS1Lb2swVjBsdXlTYUN2dHo1elRFdXNkQ2o4V1ZWT2wwREJreXI4MW1wdXd3M2NYWjhwZVp6UTFrelNXVU0xUFVvRllSSHRZYlNmU1FuVk1WVF8ySW5kb1lkand6XzQ1N2thZWRmM05GZXc2Zy0yRG5hRWc?oc=5,"Fri, 31 Jul 2026 07:00:00 GMT",2026-08-09T20:50:33.079319,en,"BN-PN pact could shake PH’s grip on Selangor, say analysts - Free Malaysia Today",False,False,False
GoogleNews-Free Malaysia Today,independent_left,"MCA ‘biggest loser’ in BN-PN Negeri Sembilan pact, says Loke - Free Malaysia Today",,https://news.google.com/rss/articles/CBMiugFBVV95cUxOc1F4OTItQVgtVDBsR0EwNGlNNjBEM1F4VE04YnJrTHN6V0kzR2ptTTNKNmlDdXZCSjVCOVc0THBPYk02Wk01ckZkRWo4Z3Nob1VJMXB5Q0dESFN3Wi1QZnVLV29oNlBnYWNTWUJoZDVqOFQ5V1g3dmNQQmd4OU9kOEpBcUxlXzVsUTBta0dtS053dTBuSzlGVF8wZ24yMEE4U1doQWJ3SU94eVFYMm0tbGp2eEhzSHBZNUE?oc=5,"Sun, 19 Jul 2026 07:00:00 GMT",2026-08-09T20:50:33.079319,en,"MCA ‘biggest loser’ in BN-PN Negeri Sembilan pact, says Loke - Free Malaysia Today",False,True,False
GoogleNews-The Straits Times,unknown,"Negeri Sembilan election tests Anwar as race, royal feud dominate - The Straits Times",,https://news.google.com/rss/articles/CBMiygFBVV95cUxPTXgxdmpfM3dCZXNlbXpNRzZGaTF0UEtDaDZWd01meldZRzBxQlF1NldCZ2JzdGlha2JNOHBWQ0sxM1EwUUJiVGhrTDNYWko2MGVMcVhtQlF2UjlwOUl6WDU1N3VnaHNnN1otaTdiZVB1dUJBUXRrNkQtXzNJXy1VaGg3UzdVRkxWTld1Q1RyWVEzNmpCUUduREJnVHh5bTRJRWE1UnY3TXI1emlYd1Y0R3lhdXhnenQ5THRIWS1reHRFV3VwSUw3VzJ3?oc=5,"Sat, 01 Aug 2026 07:00:00 GMT",2026-08-09T20:50:33.079319,en,"Negeri Sembilan election tests Anwar as race, royal feud dominate - The Straits Times",False,True,False
GoogleNews-The Edge Malaysia,business_neutral,"OPINION: Pakatan Harapan should go back to its reform roots, even if it is too late to fight against BN-PN wave — Ong Kian Ming - The Edge Malaysia",,https://news.google.com/rss/articles/CBMiUEFVX3lxTFB3STdDcGhXd1RrMEY4YVBCemFvZWU2M3RfSlViWmpwZ0tUR0xlVnFlbTdFMThBd1lrbEZiRTZMbHFBNlJHSmlwSUhRaGJCenZM?oc=5,"Mon, 03 Aug 2026 00:43:34 GMT",2026-08-09T20:50:33.079319,en,"OPINION: Pakatan Harapan should go back to its reform roots, even if it is too late to fight against BN-PN wave — Ong Kian Ming - The Edge Malaysia",False,False,False
GoogleNews-Free Malaysia Today,independent_left,"PN adopts BN manifesto for Negeri Sembilan polls, adds 14 pledges - Free Malaysia Today",,https://news.google.com/rss/articles/CBMiwwFBVV95cUxQVTlyQWgyVElTRE12TFdtUnZaYmNFVXpNajFUcDJzODNIdHYzSkZuQi1SRXZSZ1FHcjdzVjBDU1Q4WENub0x6aHJ6dlhHd2xFYjIwVzcyblM5UmRrUTNrM0xPai1RbUU5cTVVcnBITWJqNkZDb2VhYXU5LVZUUEtGMG9QT2R4RjIyN1hKR19UZmdvSlAwa2x3TkN0MXNVSHRrc3lDdm9PcC1LdTZNNFhhZWNJekItempMWHJqdl8tdU82bnc?oc=5,"Sat, 25 Jul 2026 07:00:00 GMT",2026-08-09T20:50:33.079319,en,"PN adopts BN manifesto for Negeri Sembilan polls, adds 14 pledges - Free Malaysia Today",False,True,False
GoogleNews-Free Malaysia Today,independent_left,"PH needs big voter swing to hit 23-seat target in NS, analyst says - Free Malaysia Today",,https://news.google.com/rss/articles/CBMixAFBVV95cUxQVGJtNm54djRrQzAtUTN2d0Jud2t3dWxVZTRFdDZoUno5N1FhQjFCQTMyeHNzSkY2S25pUmNGRm8tQ2gtTU1fbHN4V0x2ZkpQNVFrMU1USmhPdENCeGlwb1dLSWJ6UEViZVJzUFZsdklSUHg0ZENhMml5WlVING50cGNnY29pZDF0cF9UdGk4N3QzemlaWnVpLXo1bU1DYTBBZW1ZWmd2aUEwLXZodUh4ekNtRWY1TElTOFVPdHUzay1UYllN?oc=5,"Wed, 22 Jul 2026 07:00:00 GMT",2026-08-09T20:50:33.079319,en,"PH needs big voter swing to hit 23-seat target in NS, analyst says - Free Malaysia Today",False,False,False
GoogleNews-Malaysiakini,independent_left,"Harapan Youth demands BN ministers, deputies quit over PN alliance - Malaysiakini",,https://news.google.com/rss/articles/CBMiUkFVX3lxTE9EVnhBYnpNdzktMUg4T0dkMkI5c2Qwc0RLaGJaXzlnUWF4Nmc3MXZtb1ZMWm45TDRxMnNIZWgxdFRYQ3RmeFFyVVM2R1lwNHR3RFE?oc=5,"Sun, 19 Jul 2026 07:00:00 GMT",2026-08-09T20:50:33.079319,en,"Harapan Youth demands BN ministers, deputies quit over PN alliance - Malaysiakini",False,False,False
GoogleNews-Free Malaysia Today,independent_left,"BN working with PN to send PH a signal, says Khairy - Free Malaysia Today",,https://news.google.com/rss/articles/CBMisAFBVV95cUxQTVVsV1EzOU10MmlTazgxR1ZiRXduN0R1R0RnYVB2QjNMeXdiY1JneHpIdm56QUJSN2hpeXJ1Vzd4dU9HSUZiTm5tZnV6ZkZpQThEaXJyWFNjbWx2Y2dqbE5LV0Z0MkxqbmJmMG1nSW5wc0dnZUR3dF8xcVVxT3JIdmxUemNZcGh0Z0RaSTEtWk9qV2FHOVJtVWY4X2t4TEpxMGFITkdVVzlScDVGdEd1OA?oc=5,"Mon, 20 Jul 2026 07:00:00 GMT",2026-08-09T20:50:33.079319,en,"BN working with PN to send PH a signal, says Khairy - Free Malaysia Today",False,False,False
GoogleNews-Free Malaysia Today,independent_left,The 7 seats to watch in the Negeri Sembilan election - Free Malaysia Today,,https://news.google.com/rss/articles/CBMiswFBVV95cUxNODRRNkloUTFYRkZISi1yWEZCdWZUcUZuMWx0OTFjS1plS0lPQnNqR3NKMDg0bmY0VGlac29neV8taTRuS2dMQzVyeFgwYTM5eGtvRVk5eWF6M2tBNjVTbVBMNFNPQmljUFlXMGVfbm9HVlJzYTlvckt6c0N2eVhkNzVjSlUxTjhzc2dNQkFuaXJVSzkwWDVOQ2hzS3gzRlBQQWJIVlpuYmt0OXdTakE5VmphNA?oc=5,"Thu, 30 Jul 2026 07:00:00 GMT",2026-08-09T20:50:33.079319,en,The 7 seats to watch in the Negeri Sembilan election - Free Malaysia Today,False,True,False
GoogleNews-The Edge Malaysia,business_neutral,Opinion: Projecting the Johor state election results - The Edge Malaysia,,https://news.google.com/rss/articles/CBMiUEFVX3lxTE1BalEzdFZSLW0yaU1xU1lzMXBLYVRRam5HdzRCVFF4eWdSTEdrS3RQbC1wb1lUNE14NnpxMUVzZ2RXV1d6OGZFY2RNREthQTJS?oc=5,"Fri, 03 Jul 2026 07:00:00 GMT",2026-08-09T20:50:33.079319,en,Opinion: Projecting the Johor state election results - The Edge Malaysia,True,False,False
GoogleNews-Malay Mail,centrist,Seismic shift in Malaysian politics as BN-Perikatan ousts Pakatan heavyweights in Negeri Sembilan poll - Malay Mail,,https://news.google.com/rss/articles/CBMi6AFBVV95cUxQOXFDZTVQYS00cGJYZGM3ZXY2T3N1WDJGakZHNW5rNUQ4ZWdkUk9QaFozbHp1RkUzS19zSFdWVExXdXprckxVV1NUYkZlZ0VLS21tQktnMkJrOW5WVzRvVFlCSFpRMWZKanFqekZJSGV1elJMRTFyM3lwTnRpTThJTVNRdkIxNUdfamlnaEdIR3pyOXdldDYwb3c4eXBhMXJpZXNkUExIcFd5bE9qMHV5V2ljaE82bFkwdUV1ZHFxNVM1Y0NDTUJ3SExCM041X0p6b0lyb1hoRnI0QXdQNG9NbExBcnFGb0hk0gHuAUFVX3lxTFA5X3lmeXN0ZWFfa1poUXBQZUlZN0Vjdl9YSUd4ZmdyazR4Q0QwSklqRUlBS2p6WHBzUVlvSVJuTUhZYzh1NndZbGJFX0ZacHhTVlM5OGJ0dXJnOWJFaXBmTEk5eHpEZjJDS1R3X1FGOU1iSGQ1VzNQWmNuOWJtVmMxSEJDX19EZUhqQy0zeUpSWTZsbXU4R1R4ZXQyVXY1VFNIbnVtZnJDU2ZjZmVFQTIwNFUwR1NQb0VoVzM1WVRUWVBPWEFsak9FeGZEX2RZYUt5NDZSTnZPZ2gyRDlnVXdZTFhWR0x1TkF6MHMtUUE?oc=5,"Sat, 01 Aug 2026 23:00:00 GMT",2026-08-09T20:50:33.079319,en,Seismic shift in Malaysian politics as BN-Perikatan ousts Pakatan heavyweights in Negeri Sembilan poll - Malay Mail,False,True,False
GoogleNews-Free Malaysia Today,independent_left,"BN-PN cooperation only to avoid vote splits, says Wee - Free Malaysia Today",,https://news.google.com/rss/articles/CBMiswFBVV95cUxOeEtUaGdxdGI0cWNZYkE3cWNSS1VvVVRhcTZqb2pVcU91VjA0b0s0cEhNVmVlNU5NVzJRaF9XOE5yU0FZR3dkekp5N2NXNmE1WFJfSFRrcDNLdG5mQ1JKeFlfOUJxQ1Zadk5JOU5nZktYYnB2NlVhWTlaaTRLeHNhSVhOc1VBZ3FhTEZhYmY4MjQ1eEFDeUxqS3FHVWJBSHl4Nmo4QXFENGpfSWM0MENIX0VJTQ?oc=5,"Sat, 18 Jul 2026 07:00:00 GMT",2026-08-09T20:50:33.079319,en,"BN-PN cooperation only to avoid vote splits, says Wee - Free Malaysia Today",False,False,False
GoogleNews-TRP | The Rakyat Post,unknown,[Unofficial] BN-PN Reclaims Negeri Sembilan With Commanding 25-Seat Victory - TRP | The Rakyat Post,,https://news.google.com/rss/articles/CBMivAFBVV95cUxQXzl6QXE5aEpycGdaT1hWSkhMRGRUelFQUFZROVNaemJtejRYVVZwc0hqMXU1eUlNZE1pdTVMZVktb2ppN2ZWRjlnYzhwRDNUZnBWcDgtQjRXNmc1ZFZjZkU5LWdHRkY5NTFBb0xlR2pha3dYUm5meEFJeTg4blI1VnZBeW0tbnRVLTNiOG52eGpHVlNzei1Kbm1JdXl0WHpXLTV4M3ZDV1BmSm1Fb2ZSMDdKcTZBMTl2WUU4WA?oc=5,"Sat, 01 Aug 2026 15:07:09 GMT",2026-08-09T20:50:33.079319,en,[Unofficial] BN-PN Reclaims Negeri Sembilan With Commanding 25-Seat Victory - TRP | The Rakyat Post,False,True,False
GoogleNews-The Edge Malaysia,business_neutral,"BN wins bigger majority in 2026 Johor polls; wipeout for PN, Bersama and Muda - The Edge Malaysia",,https://news.google.com/rss/articles/CBMiUEFVX3lxTE93OFVxNFJwNkEtcl8xNHd0UFpZNHpMelQ2Z21QUDg4Y3BnMDM0ZG1vQVdMQnJ0aFJfaXFQdVl4ZXliTUctUVNZZmFNc090ZzlN?oc=5,"Sat, 11 Jul 2026 07:00:00 GMT",2026-08-09T20:50:33.079319,en,"BN wins bigger majority in 2026 Johor polls; wipeout for PN, Bersama and Muda - The Edge Malaysia",True,False,False
GoogleNews-Free Malaysia Today,independent_left,"PAS in talks with BN for Negeri polls, says Bersatu man - Free Malaysia Today",,https://news.google.com/rss/articles/CBMitgFBVV95cUxOY1JhbVBJaFJ4REhEX0NDRVRQVlBXYzVDZWxnVHRYSE5IZjRITTFNYlRCOFFrenp0ZFBLOWlITUQtYlBhNFZxSkJObFo0YVBNRS1GdXlNZFBTbXFuNUVWQVJWdjdKQzhORWh1UTI2bVRHeDF1WGZWNHhqa1czOVVzSnpENzNjblBWNXRDRmhQWHd1bXNkYklIb3NnMGVkT0pnUG5yQkdjQVkwcGxBQXRidGZRWUN5dw?oc=5,"Fri, 10 Jul 2026 07:00:00 GMT",2026-08-09T20:50:33.079319,en,"PAS in talks with BN for Negeri polls, says Bersatu man - Free Malaysia Today",False,False,False
GoogleNews-Free Malaysia Today,independent_left,"PH Youth wants BN ministers, deputy ministers to quit over PN ties - Free Malaysia Today",,https://news.google.com/rss/articles/CBMixAFBVV95cUxOcHN2VE5YbElGRTZGTlhKMG5VZmYxUG5FS25USDlEdVpuQW9BNFNZS3hqNTZyeExPMXJfdGJJTDVSSXg4eUNIQ2h5ZFRheDZLZk1xSnR1Z3hlZHdCU2p5TlZwXy1ucDZwNWt3VnY1UklNSzBRZ3MzRUdUNzBFN3Y4V3k3NzFnN0lmUW81LVFUU1Z4UnhlRlZJQXRvT2dHUlVNZUFpV0RnNm8zMy1TNF9JX1RwZ1dVTDZmUDNCejZiUmVZT0ho?oc=5,"Sun, 19 Jul 2026 07:00:00 GMT",2026-08-09T20:50:33.079319,en,"PH Youth wants BN ministers, deputy ministers to quit over PN ties - Free Malaysia Today",False,False,False
GoogleNews-Malay Mail,centrist,Negeri Sembilan votes today: 10 seats to watch in pivotal state election - Malay Mail,,https://news.google.com/rss/articles/CBMiyAFBVV95cUxNMkZ4WWJOdmEzdHFDbXpUODU1bGtDT0pVRS1Za2tZaGFRdVppRldPVGhqUWo0M215dzRORDhoM1VoV1ZVWUJ4bXY1LUgzcWxfSjhEWDJBSGhTLWlPblZwdTQ3RUJVbWpva3Z2NXdjd3UwUUZIeVhBbDRTMFJfOUF0TFYtTDNjUVVYMmZpU1MtQjJCLW9NVnlKUmdkd1pwNV9DUnNtODRncnVUc2FTZ29CVkpVZkRRSm1FdFJFQzEzQ19jRXJtd0F1NNIBzgFBVV95cUxPWlMzNVdTRmVKcUMxSFpWSkpfSmQySUs5OEdhZnlFNTRTa3J4SlZ5VTduZEZmSEoxUUNoR0l4T0pPVUx4c3NfWmszbGdHMklQdDZzQmFCTjVRbmx2Z3FqNEl4X0tCc2dMc2NnbEFOc011Rnc5YTlEd1FrTk1ETTY1YkdwUU91dXBEaDEzREZWbVVhYzJOQ05zZDAzVE95dlJkUkd5X1hKNnYzbGN2VEJHUWhPUUMwcFg5NkZocm9fb2NaUWxFWURKN0JWZ1Vpdw?oc=5,"Sat, 01 Aug 2026 07:00:00 GMT",2026-08-09T20:50:33.079319,en,Negeri Sembilan votes today: 10 seats to watch in pivotal state election - Malay Mail,False,True,False
GoogleNews-NST Online,establishment_right,Negri Sembilan polls: Full list of candidates for 36 seats - NST Online,,https://news.google.com/rss/articles/CBMipgFBVV95cUxQdU5hM1p5QVBPZlk5WDRFWWRoeFlsSzRFV3dWbXVwZE9TSWhHTk5NYmVxc29CWURtel9Jdm5BUjdUMFhkODY4dlhZcFozSGg5Z1ZIYzM2WVktTXhVby1meGFiZUU2TU44bjlZci1ZdUJsaDN1SDMwLVpUVVd4WHpkWFJXM0tFVzZCV2c2eVVNYUxzT1dvUjBQNE5faTlNeGp4Z3BEWGR30gGrAUFVX3lxTE5IUy1qMDE3Y2xMLW5iODk4azBuYm5yVVA0RFNtWmU5VTEtWHNXdlJETEJXalI4bERPV3dsejhlRGFLaTB1QlFJQ1duMXk1RkxNUTdRVzJMZXY4ZkdDQjBHcElHR29sLXRyYWdhMi1pd3E2aDVsNGo4VGYtUmtvS1VNZWpUVXhxVEh1RkV3dW9NT1lhWUF2alh0Rk85bEpHeExpN0J2eFNUUVI3Zw?oc=5,"Sat, 18 Jul 2026 07:00:00 GMT",2026-08-09T20:50:33.079319,en,Negri Sembilan polls: Full list of candidates for 36 seats - NST Online,False,False,False
GoogleNews-Free Malaysia Today,independent_left,"BN-PN blue wave can sweep 122 seats in GE16, says think tank - Free Malaysia Today",,https://news.google.com/rss/articles/CBMisAFBVV95cUxPQlJFNHhCT09KZ3B4Qy1hTTlVRzBZeVJhY1kwNUI2SWFpUDRqLWpfZ19ZT29QV3lEbEZQd2NMekVmLWdKbWRhTGFrWmtEQS10YmVkd1BOTDF4WlN0OUZFUjg5VjkyQ3JaaHZGc2V4WC1Zcm1objgtSDVwbTc4OFFXdFBSVkoxTW5RUXIydi1RRFFJUGlmdjVmSHFmeWFzaS1vQXIyQlV0dmFaTU5NOTlUcg?oc=5,"Sat, 08 Aug 2026 14:30:00 GMT",2026-08-09T20:50:33.079319,en,"BN-PN blue wave can sweep 122 seats in GE16, says think tank - Free Malaysia Today",False,False,False
GoogleNews-The Straits Times,unknown,"Two Kings, one ballot: How Negeri Sembilan's royal crisis is shaping an election - The Straits Times",,https://news.google.com/rss/articles/CBMitAFBVV95cUxPS3VFczBDZXVHTzFuRHA3clpQU2tqSUVBblQwejY2ZjE0MXRlbzRrTUJfZEdvdkZscFl3cFZtMFhSX2gyQlVUUkxJd0dIWVRfcjNrTUluZ2dTS2dXendxWmVwcDVBVHBnWmV0RDFqaHEzcGphWWxkRlhjaG5yWEZ5alhnUmJpTG9KYXg2U0JwSDI3eGQ4UmdKUVJkaDhrTkRRZ0FGd1JPWl9ZZ0xaWnI5T21mMm8?oc=5,"Thu, 30 Jul 2026 07:00:00 GMT",2026-08-09T20:50:33.079319,en,"Two Kings, one ballot: How Negeri Sembilan's royal crisis is shaping an election - The Straits Times",False,True,False
GoogleNews-Free Malaysia Today,independent_left,Do the unthinkable: 6 ways to prevent a BN-PN takeover - Free Malaysia Today,,https://news.google.com/rss/articles/CBMiuAFBVV95cUxPazFUU0N2aktPRFFyeFM1bEYyX0dvbDBTMUlHSHEyWGkxLWk3bk1hUHVmZE84UlIwTWZvTm5HcXJnbVJWdEpfZjVXX0JReXBNU2dQUTBYcXBYdXg3ZXZhREdjeWpVQlcwQVp5RFJMUm91aWhoZ0hwM0JlQnlqRklYbFo0QVJ4aHFkQ0NXWVh3bHVLWFE0R0NWT3RoSWxzZ0Y5bUJrb0Ffa1JtQUZMT2s0dkZLdFRvVzNU?oc=5,"Wed, 05 Aug 2026 14:00:00 GMT",2026-08-09T20:50:33.079319,en,Do the unthinkable: 6 ways to prevent a BN-PN takeover - Free Malaysia Today,False,False,False
GoogleNews-The Edge Malaysia,business_neutral,"Special Report: Man in the spotlight: Anthony Loke on elections, ‘frenemies’ in politics and transport matters - The Edge Malaysia",,https://news.google.com/rss/articles/CBMiUEFVX3lxTE9xalNtYm9WRkFWRDk0cG1QMW9MblByc3BKQ0xYbnUtMmxkVXExWUJIZDRETEUyaWR4WklwLWI3ckVrWFJhOUlmUlpfWTZvcWtq?oc=5,"Wed, 29 Jul 2026 07:00:00 GMT",2026-08-09T20:50:33.079319,en,"Special Report: Man in the spotlight: Anthony Loke on elections, ‘frenemies’ in politics and transport matters - The Edge Malaysia",False,False,False
GoogleNews-Free Malaysia Today,independent_left,"PN’s supporting-role strategy expands influence, limits polls fallout, say analysts - Free Malaysia Today",,https://news.google.com/rss/articles/CBMi2gFBVV95cUxPTXQ0dE0yc3dlS3RJQkdGR1JZNFZfWThTOG5XSnBTeFJHTTYwcmJXYUtNUndobHk0am1GTVktUHdpbUFoTFRISnpiUFNHVzlhb2taZ3RuYk1JNmQ3Wl93YlJtUVRFdUtoVzZsV2RXcDIxQ2FVSE1neGZuaVdFUi1UZ0hsSkFhTVNXY0YzTlYxMHBpSlJkaUJpZGhjdmZOZUR1cGhwLXI2OHhRQ1ZkaS1Rc2VfTloxRExacUJQc3dkQkNsT3JIamtzOHZHLXdKSC1hckQ3cGltWW0yQQ?oc=5,"Fri, 31 Jul 2026 07:00:00 GMT",2026-08-09T20:50:33.079319,en,"PN’s supporting-role strategy expands influence, limits polls fallout, say analysts - Free Malaysia Today",False,False,False
GoogleNews-Free Malaysia Today,independent_left,MCA Youth sec-gen told to skip Negeri Sembilan campaign - Free Malaysia Today,,https://news.google.com/rss/articles/CBMitwFBVV95cUxOQlBzbUpRd0xYRmh5aXdXN2preXQ5dWJHWWV3amppMnpXNW9ZdGZZNXRlSmdkaE1pQmZjeURpeTlYTFFxZ252Nm9MQWN2eXJib2F3MTJQOGk2SjFwM01hamY5RnRja1A0RWdjMks5US1QUUltWndOTjUtYXVucFdqeFd6b1dwZVltb1Z2Ym5ocmhzYUkzMk1ra2pJWTNLeURMUm9ZVVpiZzJVZDU3NEJxRDFkSnVvR00?oc=5,"Sat, 18 Jul 2026 07:00:00 GMT",2026-08-09T20:50:33.079319,en,MCA Youth sec-gen told to skip Negeri Sembilan campaign - Free Malaysia Today,False,True,False
GoogleNews-Free Malaysia Today,independent_left,BN-PN pact to carry on at coming Melaka election - Free Malaysia Today,,https://news.google.com/rss/articles/CBMirgFBVV95cUxNUEF6SkF4OXRxaW9LVlliU3lLYzVoWkw2S3FMZF9SV3NkMmY2RElDNzRfenFxMm5XNVNZX1RjZGdydnpPbG1HRG9hWUR3VnNOTzluYXJYZnBGa0dMdERfcXZXd3oteEJjT1RZUXRXV1EyU1pZZG5ubmRTTkF5aEFXZmRMRlpsQVdNcWpfcXc3dE5TNE1CQmJLOWRuYjVWdldrV0ZuZ2NvNEFqd0ZTWVE?oc=5,"Sat, 01 Aug 2026 13:48:00 GMT",2026-08-09T20:50:33.079319,en,BN-PN pact to carry on at coming Melaka election - Free Malaysia Today,False,False,True
GoogleNews-Free Malaysia Today,independent_left,"Conflicting messages show cracks in BN-PN alliance, say analysts - Free Malaysia Today",,https://news.google.com/rss/articles/CBMiwgFBVV95cUxPWTUyekhDRjVuWjVHM2hJN25KOUtVSl9iM25OQ3ZsQ1U2SFlIRDlPSU4xdldPaXRmUThMLThlNVQ3N251S25OSWFXQ0xGbUhIa0NZYkhPeGh2Qk91am5XcGFhTDBmWk9ZQmxfVExxWFZFNFVTXzZDd1RNWm5Kc0luWW15Mzk2ejRydnFsQ2M3YzZuWDRhbDdSdTc4WUd5NWRRc0U3emdxRDJiTGRIeHJyLXl6NlFsUGQ1dnhha3lGY3Nvdw?oc=5,"Tue, 28 Jul 2026 07:00:00 GMT",2026-08-09T20:50:33.079319,en,"Conflicting messages show cracks in BN-PN alliance, say analysts - Free Malaysia Today",False,False,False
GoogleNews-Free Malaysia Today,independent_left,"MCA returns to Negeri Sembilan assembly, MIC still shut out - Free Malaysia Today",,https://news.google.com/rss/articles/CBMiuwFBVV95cUxOMTNVWERPY3h3bUZZdGcyNDJXWjRwNXpXbVd3d0Z1YTJ1am1pdlBMQkdMZXRCdWVhSHF6X0NPU3huQWhvYjJLV1RNbGwxQW1lUkYydTVBaHF2bmszMjNka0ZmdGpwVHhGUkUxM2ZnMTI4eUVLUEMzZmVsb1RsQnpHdlNldGxzaEdpMFNKN3hFempnaWNWRWVpQmVUQTZLTEx5OHdGMGRILWwtUzdfWl9FWFJ6aE91Z21SX2hN?oc=5,"Sun, 02 Aug 2026 02:09:04 GMT",2026-08-09T20:50:33.079319,en,"MCA returns to Negeri Sembilan assembly, MIC still shut out - Free Malaysia Today",False,True,False
GoogleNews-Free Malaysia Today,independent_left,"BN-PN pact not about race, says Ahmad Samsuri - Free Malaysia Today",,https://news.google.com/rss/articles/CBMiqAFBVV95cUxPNXdVR1pROElxR1VPaDE1LTUxVmhaeE9rcHBpclNIUGUyamNrYm1PNEQ3bVNBRWQzQzROdjhYRS1iUXBYa0RpUEd3QmZOVjkzNWVIcWlrSnBJdThOMm82N1lYSE5Hc2d3cXRkQklLZHMyWWlFa0FwQVBDMDdhLWMzeGliRU8tVHBHZjBTYU0xdXR0MC1pcnkyNFl5SWN3Tm9Qd2x3S0xpMmE?oc=5,"Sun, 26 Jul 2026 07:00:00 GMT",2026-08-09T20:50:33.079319,en,"BN-PN pact not about race, says Ahmad Samsuri - Free Malaysia Today",False,False,False
GoogleNews-The Malaysian Reserve,unknown,"BN-PN victory carries responsibility to strengthen Negeri Sembilan, says Jalaluddin - The Malaysian Reserve",,https://news.google.com/rss/articles/CBMixAFBVV95cUxOb24yN01lOFYtNU9lQVY0d1JZbXN2WTVyaEVSQTFiem9hbWR4VjhSbkIwQjBuUjVpdng4WERCLWV6YmFBV0hZTVJQSW11ZW9Yb1g4M3NqRC04YW5RYXpUS1NOQnY4Q3Zza19CV0R3SU5mLTFyb1BsMWhYcTN3WDhhSVNnQW1pZy1BVURvNU43V1lXUkc4NkJFSXNVSHNtblpzMHpfb3ptMXo2c0lvYUFJOG1DQ3A4UVhRdlUtVzJmYkpwMDRv?oc=5,"Sat, 01 Aug 2026 15:37:53 GMT",2026-08-09T20:50:33.079319,en,"BN-PN victory carries responsibility to strengthen Negeri Sembilan, says Jalaluddin - The Malaysian Reserve",False,True,False
GoogleNews-Malay Mail,centrist,Mohamad Hasan says non-Malays have ‘no reason to be unduly worried’ by BN-Perikatan pact in Negeri Sembilan - Malay Mail,,https://news.google.com/rss/articles/CBMi9gFBVV95cUxQSzROR01qb0x5ZHIxaG1KNUtKLTRoZlgwUUlyeDR2dFRJQmFQM0E3eW1CR2cwa04xTzlydm5qMjlmMVVlRVJReUVCaGZiZXd6ZGE2TnN4MnA2SThDQmpmNjduZGtNMzlzclpxZU50eENUckFIMlEtcGpaWU5XS1pHa21JOXpEZHNVUXlVNkpnWUNWUElQWWhrR2tsYmdaVkVrT1l0X18ybXhNLXo0YklJMlR4bWZJVG1RRThSdWZHb2dKbEpiQWM1cjJ4TUJzRWJXX1JVX2IzcHF6NEpFTGE5b0dzclp1V25pVFo2THp3eGx3eVpfeHfSAfsBQVVfeXFMTjVaZUVTX214YXgtMVJtZlRBR0VLZTdRUG5lWmtvZkduTGZCMm9vRDA0dHZ0VXIxMHdlZHBRbDNYM2xZc1UzRENOaGVqazJaUHZMUzh3eWYtV1pMNmZzR3p5ZVR3b1pNOVVSNDdfbnFNUm4yeXhRdnpXM2JmdjM0aVlNTnZrRUt1aU9KNy03UFloREM4dHpmSktDQTk0d2hpalpxQnpwS2hWaEhrUGRKMERjcFRJVVI1NnAyd1R1WGFSNTFET2pmNEZpN05XMTJxcG84U3NxX1VzMnRHYmRxT1NSM090MnAtTzM2anh5RG1ad0RWRkQ0RDVmNE0?oc=5,"Sun, 26 Jul 2026 07:00:00 GMT",2026-08-09T20:50:33.079319,en,Mohamad Hasan says non-Malays have ‘no reason to be unduly worried’ by BN-Perikatan pact in Negeri Sembilan - Malay Mail,False,True,False
GoogleNews-The Malaysian Reserve,unknown,"BN-PN secures two-thirds majority to form new Negeri Sembilan govt, says Ahmad Zahid - The Malaysian Reserve",,https://news.google.com/rss/articles/CBMixgFBVV95cUxQcmFjX2VFZzZfc2xQUHBLd1VueXB5RnJ4SnNoZjNmQ3NmU3N4aEVOVUJGaGc0amc0SWc2UDAwTkRYVWxwMVBEOVdXdXRaT0Y5N0lTZV9NanZLNUVYakUwTUJaVXNlOHlGalk2cDQ0QTNMR2EzNHFvNWtMdkNZWjJWNXZ0Tk5zOV9aWFNIY0Z2ZHp4aXpILXVOVjlhRkExZ3czMkU4TDVCSkRCYVVxdVFyclpnYkJJdG9tQ1ZGYlk5SDIyVzZBWVE?oc=5,"Sat, 01 Aug 2026 13:47:43 GMT",2026-08-09T20:50:33.079319,en,"BN-PN secures two-thirds majority to form new Negeri Sembilan govt, says Ahmad Zahid - The Malaysian Reserve",False,True,False
GoogleNews-South China Morning Post,unknown,"Three strikes, DAP’s out? Loss in Malaysia’s third state poll rattles coalition - South China Morning Post",,https://news.google.com/rss/articles/CBMiywFBVV95cUxPQVFQYnAxX0g2SmF5ejJ3UmNURVhuNUVWbHlNUFl4bHpoNTlId0NyaFBjMGNMbUo4Rk1DSkR0dm1yUjk2cUpsaXZDUUpoOG12dUo3QzhoTUtlUTN1TGtYZzdQc3ZsS0xUQTJ5S28tOHFnaVpZZ2lLNFpyc0lGOFpiUzFSTGJsemZSSkhIbllSSXBqelBJQmtKZk1xMFR3YnlHd2U0MmdKU0F1Y181WFhNY3VSNjVSRHZCWEFKX1dFYlRqUUc3UXFkNDJvMNIBywFBVV95cUxOS1gzM3dPM085UlBOSy1oYlZoelpHV21vblVQeEYyZlM1VW5QRGRiTE1JQVNSWWpTUFhwN0FBN2ZlaVVtdVRrRHZ1aHJTT3RkNXBHaS02UVFkZXZEMzNaWEE2QkNzMGpEUXNhUFhRajJEcllJbE1pLUVBTWZyWVZtblA0LVpkeUNsdVQxT2V3WDlES0htem1UMUdTbzVRbXRzWTI2WlBTMHBnRTI1aVZtSmg1Yy1VMmR1anJYenRWMlJLZFQ0bGlickNHNA?oc=5,"Mon, 03 Aug 2026 01:00:31 GMT",2026-08-09T20:50:33.079319,en,"Three strikes, DAP’s out? Loss in Malaysia’s third state poll rattles coalition - South China Morning Post",False,False,False
GoogleNews-Free Malaysia Today,independent_left,"PN likely to demand equal share of seats in Melaka polls, says analyst - Free Malaysia Today",,https://news.google.com/rss/articles/CBMiygFBVV95cUxNUFRSZlVwU0JJcXZwZFR0czlYMkNKcnZfNTZwZzFlc3RzR1NreF94dW5rVzhiRWl0RGRZemdJVFl0M0F5b0lKZmVzTmpVLXhZcGdKYnR4dk9aazkxZS1rV2ZVN19OS2FPT2JuMEYzWDVxVmZ6dllzSnNkcmlCT1RwYkZhNnJQejRVRXN4RUlxemo4WlJlZzJ6cXQ2NDdIZ2pvbjdrLXVzODNfR1ZnVkF5ZlJjaDBKT0c5c196UFREOVZ5Ym9KNWhxR0xn?oc=5,"Thu, 06 Aug 2026 14:30:00 GMT",2026-08-09T20:50:33.079319,en,"PN likely to demand equal share of seats in Melaka polls, says analyst - Free Malaysia Today",False,False,True
GoogleNews-NST Online,establishment_right,Negri Sembilan polls: Ong Kian Ming predicts BN-PN win up to 25 seat - NST Online,,https://news.google.com/rss/articles/CBMisgFBVV95cUxQSU8zUjJPeExoTjFVcEwtWlZweWJLZ0VHWlFUYnJyRVE1TXNIZTcwa25oZ1F1WTJYZVJLM2VxZUhWUTNtS2JXaVFQN3didE1wYWpnN2UyZ0dMZDRCaEdBbFVnR2xOT2lUdGQxR0drbmpqY0JlcnhTeWRuRjh2THlCRHJnWXJLNjN0WFlEcVdRRUdaTTJXelNDQTRLSDdtUzRBcVEwbkxNU3Job0hwZXFZU25R0gG3AUFVX3lxTE5mb2dVRTQycUFDTHJWTGRrZ1BkaWxabzVqZHFJR3Rwc2RpbFVnZkZ3WVo4b0cwSHpRcGNhMHZSMm5YN1lBNDhtYUtUVUVtcHpzUTR1MVkxWTFpMnBuSi1aWFp3dHpzemF6M2RKekRGUHVPSWtvTk5zTWFTdGU2SkdVOTVGZUJzSURiX3d6OGNZaW56dkh6eHlGS1pnV3FkSWdTaC1uZnRBM1A2ZlFVLVBkQ1RfVDc3aw?oc=5,"Mon, 27 Jul 2026 07:00:00 GMT",2026-08-09T20:50:33.079319,en,Negri Sembilan polls: Ong Kian Ming predicts BN-PN win up to 25 seat - NST Online,False,False,False
GoogleNews-The Malaysian Reserve,unknown,Negeri Sembilan election landscape remains unpredictable amid shifting alliances – Analysts - The Malaysian Reserve,,https://news.google.com/rss/articles/CBMizgFBVV95cUxNbHg2NEZkVEc1Rk8zWC1jb0ZaTGlQak5DaDBPT0Ewb0ttYUxKNHJDSExkV21Fa2lxNmFPOGhOOHdwdmkybHRTOWhCc2xFeEJOeE9CRGtQNTBOX1c4ekN1MXpaUTJscHE4WURPekpOMXJNLW9tUWJjaWVnVENFdk9CcWxfN0kyVVNfeXk3bW1iX1ktbmdDdHExOVB2eS1Ub0V3OGx3TXpPcHJ4MlA1S2ljNnBuVTNWOU9pbmdIVEZDMHBGVHU5UjZKc21RdHo3dw?oc=5,"Sat, 01 Aug 2026 07:27:36 GMT",2026-08-09T20:50:33.079319,en,Negeri Sembilan election landscape remains unpredictable amid shifting alliances – Analysts - The Malaysian Reserve,False,True,False
GoogleNews-Free Malaysia Today,independent_left,"Johor election defeat hastens PN’s downfall, say analysts - Free Malaysia Today",,https://news.google.com/rss/articles/CBMitwFBVV95cUxNSFZlZ3FyU00zZE56dlpodExYZy1yRHJhQWRVWFdpX08wVkhxMWxTRVlueERuUEx5YWNGZWNPMnh4YzFlcVBwaXJXZ2pQQ3VJVXBfM215STNYVmpkNHZGYWR1bUJjcWtoQWxjVEY2VzV6M2hod0RDVFY2aUhyTGt3Qk5LODFuc2k4aWcyRzVieC1PMk13cnYzcWw4WDdJM1ZaVUd4SEZWZ1NYWkltOTdLR1BJQ0poalU?oc=5,"Sun, 12 Jul 2026 07:00:00 GMT",2026-08-09T20:50:33.079319,en,"Johor election defeat hastens PN’s downfall, say analysts - Free Malaysia Today",True,False,False
GoogleNews-Free Malaysia Today,independent_left,"PH targeting 22 seats, BN-PN eyeing 20-plus in Negeri Sembilan - Free Malaysia Today",,https://news.google.com/rss/articles/CBMivwFBVV95cUxQZDliNG45Q3BmMGtLSTdiRmpaVmJHXzQ5SjJrc0psMVRUZ0lBd214alEyLXpnb0FTMFpEbVFyTGYtYWd5Ulh6REVGcXowSkg5WTU2eVNRYWRKT2VRLTVhNGVSTnhIZWQ4bTdrSlV1bEl5RHV3eVlhN3RPSGVRWkJxZnMyUmJfcnRCNkJqRms0clN4TjR3R2ROZGxkS0FlYUtsTVg0TlZjSm5IbERadGlFczBNS2thTlItSzBnZTQyaw?oc=5,"Fri, 31 Jul 2026 07:00:00 GMT",2026-08-09T20:50:33.079319,en,"PH targeting 22 seats, BN-PN eyeing 20-plus in Negeri Sembilan - Free Malaysia Today",False,True,False
GoogleNews-The Straits Times,unknown,Negeri Sembilan election: What you need to know - The Straits Times,,https://news.google.com/rss/articles/CBMivwFBVV95cUxPQ1NYNWNRbnhLUUhlVnMxUktydVNjZ2xXNG5lNmdVWTF2cFZiUHlxTjl1SWhMUE9NeUdOQlVpLVBYUTlzVTlsOHVhbjhOZTRoNjI4R3F0YlRFQml6WVlTZnMxLWtLQW1KejgxcER2LWluUlQ3WTJCNy1LVGl3eEJKTmVuSEZkNUtfbmNSblBkb1VGeE9pRnpSdEhoemlfNkVfcHc0MTRBUWxSMUh2M1RHM3JmT0laZ1BXRkRjRnlqdw?oc=5,"Mon, 20 Jul 2026 07:00:00 GMT",2026-08-09T20:50:33.079319,en,Negeri Sembilan election: What you need to know - The Straits Times,False,True,False
GoogleNews-Malaysiakini,independent_left,Why N Sembilan election highlights Malaysia's political immaturity - Malaysiakini,,https://news.google.com/rss/articles/CBMiUkFVX3lxTFB5aUZLbHB6dzlHc2ZQZ00wV1RxLS1aVHBLTWF2d0pLbVhBUXpWazdBVlFVZW4yRVpOcEZGUUZ3M0hiT2dDa0o1MXZCTWl6QWZEa0E?oc=5,"Tue, 21 Jul 2026 07:00:00 GMT",2026-08-09T20:50:33.079319,en,Why N Sembilan election highlights Malaysia's political immaturity - Malaysiakini,False,False,False
GoogleNews-TRP | The Rakyat Post,unknown,Negeri Sembilan Election: Let Majority Decide – Anthony Loke - TRP | The Rakyat Post,,https://news.google.com/rss/articles/CBMipwFBVV95cUxOOUdqbW5LUUF1VXRydWY5YWFfU1NTMmxnam9aRklGSFhfbkM0Q3VuNUR0aFFVbm10NlZNTTUxbzlHRE9Yb1NEMHJHLV9BTWsySHFNTmJpZUxkTVZTNXhTb01uOFNvWW1wTi1URG5qRks0NkFwWXl1ZnFsalp6eVNsbjZxZ3hBMktST2xtM3JTaW5NVUxBb21BVThjcFdtNE9xaE1yTmRnTQ?oc=5,"Sat, 01 Aug 2026 04:51:43 GMT",2026-08-09T20:50:33.079319,en,Negeri Sembilan Election: Let Majority Decide – Anthony Loke - TRP | The Rakyat Post,False,True,False
GoogleNews-Free Malaysia Today,independent_left,"PH needs 80% voter turnout to stand chance in NS, says coalition leader - Free Malaysia Today",,https://news.google.com/rss/articles/CBMiygFBVV95cUxORUFJRlo2Nk12VVZoaVAwM0N1SjFDU3ZadkdIa3JCNE4wTUJIanQ1R196Xzd1a3RmZTd4UF9fZzBzRFpwWkxnV1UzelNUY2ktU0lSeFFvS1FLWWgyZm9vS0o2WUxsSHNlRWVLbjFWaFZCYmVRV0o0LVhueVNkMDlEVTlaVURxd19oV1VmRURWZEVfUlhuWGx4V1NUbHA5SktBZzduM1ZwWF95eThsWF9FN0E1X29GdzJPeER0NUZNeUZqZUdzWVNTZFJn?oc=5,"Mon, 20 Jul 2026 07:00:00 GMT",2026-08-09T20:50:33.079319,en,"PH needs 80% voter turnout to stand chance in NS, says coalition leader - Free Malaysia Today",False,False,False
GoogleNews-Free Malaysia Today,independent_left,PN not sweating over possible seat clashes with BN in Melaka polls - Free Malaysia Today,,https://news.google.com/rss/articles/CBMivwFBVV95cUxOQmw0X0FPai00SjdCQWp1Vm5uSkVQZ05mTzlTNlFDTzRUMklocE5GY2xxdWJnMFFoQkVyU001UTZ2TXJkUklRZ1pxejlRVlJVUnFKQ29pSVRQZE5WQ0VyQUpTUjhVQUxLcWwxdUpNNFltQWtxRnUtcnNPSTlRUlJ3RUJHb1pGb1llR0R1SHI2bUZsSzlxNUlrTHg0RGVzbEFvWi1Ja0NYbjZVMTdTRkFOMmZ0OEdxYTY2aS1Id1VZNA?oc=5,"Thu, 06 Aug 2026 13:00:00 GMT",2026-08-09T20:50:33.079319,en,PN not sweating over possible seat clashes with BN in Melaka polls - Free Malaysia Today,False,False,True
GoogleNews-Free Malaysia Today,independent_left,"BN-PN pact fraying at the seams, says Amirudin - Free Malaysia Today",,https://news.google.com/rss/articles/CBMiqgFBVV95cUxOcFhxWnZXSUhiZDZZbG01djJXNlZqbVlCTzJXZVJxbTE3a3RsWjUtYnRYMlY1T0VnMnpxOWZ6RWZVSWVLWENEeUNCRnFlRFFRM2pFRnFuWElxbExaaTVkT3lGZ3h3WkppRk5RWTBrVm9EbFZmVDZnR1RMUG10MnUxTVh2MWtvUnhYc19MTmZ6cXJkT09rVk9iMEFBSm5GQ3VvSXd6ckIwUUZ3UQ?oc=5,"Sun, 26 Jul 2026 07:00:00 GMT",2026-08-09T20:50:33.079319,en,"BN-PN pact fraying at the seams, says Amirudin - Free Malaysia Today",False,False,False
GoogleNews-Free Malaysia Today,independent_left,"BN-PN pact in Melaka may look different, says Hadi - Free Malaysia Today",,https://news.google.com/rss/articles/CBMirwFBVV95cUxPNkN3c19Kb3ZKTlgxSEpyQlpIZ09YbDZxVHo1QlJQZlBodExoLUs3RmhMc2NBZ0Q1WW9xcU5BbVFjRlg5ZmxER3FNZTFkME1fWjhVNTVpTXU0d0ZwZ3lZQUlsVDMxbTlKS20wc0tFR3ZwOVU5VHpvRlo5R3BDLXpld0F3THQwWXoyUHZZZ2haZDNWbTNyZlNScHc1bzdzRXR5X0UtZmNXc1VJVkQ3V0Jj?oc=5,"Mon, 03 Aug 2026 14:14:00 GMT",2026-08-09T20:50:33.079319,en,"BN-PN pact in Melaka may look different, says Hadi - Free Malaysia Today",False,False,True
GoogleNews-Free Malaysia Today,independent_left,"No BN-PAS seat deal in Negeri Sembilan, says Zahid - Free Malaysia Today",,https://news.google.com/rss/articles/CBMirwFBVV95cUxQM2NMU3dwbnJYZmUzdUVWQjlZeTNHRllvdkRGUmtfVFVROTlHOFhOeTVod1R5XzE5YVRIdGZFSDNGWnB3bVQtT281cW1FRDhxUU1Sak03V2xzcDFUMmJ3ckRGWnZQNUxLOXdJeS00WnBvMEVKLThnc2c3bFNVWG1kN1loZnlIYVFtOUJpRUhFUnpmVFVxUlNnOWZDLURkeEloN1h0SmZRbzUtdEp4Q0pN?oc=5,"Mon, 13 Jul 2026 07:00:00 GMT",2026-08-09T20:50:33.079319,en,"No BN-PAS seat deal in Negeri Sembilan, says Zahid - Free Malaysia Today",False,True,False
GoogleNews-The Malaysian Reserve,unknown,BN-PN alliance makes final push in Pilah as Negeri Sembilan votes - The Malaysian Reserve,,https://news.google.com/rss/articles/CBMirgFBVV95cUxObW5qTVM1RFYxYUlYLUFiWWktTm9YN0pUdzdSVWtEYjNhRmJjd3FXaGZvbWFUMkp2bVdHdWFBWGQ2SU9SNWNiTlZIazFFZVVmTWRaNTZ2b3I5Q3J4RHRxajgxaldyQnhqbVlNU2FnQUxFMXlrM0VCdDZGUV9BRnY5dk5QVm1qaG5qalJBR0RCU0ZfUEhNNVN1LUhMV2JJTV9SNDYxb1MtdHFQZVRqNUE?oc=5,"Sat, 01 Aug 2026 01:47:01 GMT",2026-08-09T20:50:33.079319,en,BN-PN alliance makes final push in Pilah as Negeri Sembilan votes - The Malaysian Reserve,False,True,False
GoogleNews-Free Malaysia Today,independent_left,"Don’t rely on past polls for BN-PN seat formula, says Kedah Umno - Free Malaysia Today",,https://news.google.com/rss/articles/CBMiwgFBVV95cUxPVVNoQTlrRlEyQ2VJVkVscUo3UDhXRW5FcDN5UXBTS3ZCTGE2QmRFaXVDZllIMkk3bmV2cjFYMzlOTzdBV2k4V1hZT0ZYem9DOEEyZ1kyRnJyRnRhcGc4TVZCNEV1bFRON2J2MVFMY085MUJHZFlCaTZXYjUzNnJxNnZBZVlLd3FTR2syTklPeDB5bHpqY0ZjbmlfcmVIRjYyY2YwaXd0SjNjQS11MFpwMzBfN1ZnZ0d6eURhVnp5dmk5dw?oc=5,"Wed, 05 Aug 2026 08:28:00 GMT",2026-08-09T20:50:33.079319,en,"Don’t rely on past polls for BN-PN seat formula, says Kedah Umno - Free Malaysia Today",False,False,False
GoogleNews-The Edge Malaysia,business_neutral,"Opinion: PH, DAP leaders in continued denial over Johor election results — Ong Kian Ming - The Edge Malaysia",,https://news.google.com/rss/articles/CBMiUEFVX3lxTE9kVXo3WG5LOWI3aFFTS1piZkdSWVBQSElxQnM2b0pkWnNQR0RCLXpSdUhRRmFIaXhsLWlDX0dSVDdYeTRPV1dlVUlOMWxCMUZI?oc=5,"Mon, 13 Jul 2026 07:00:00 GMT",2026-08-09T20:50:33.079319,en,"Opinion: PH, DAP leaders in continued denial over Johor election results — Ong Kian Ming - The Edge Malaysia",True,False,False
GoogleNews-The Edge Malaysia,business_neutral,N9VOTES: BN-PN claim victory in Negeri Sembilan - The Edge Malaysia,,https://news.google.com/rss/articles/CBMiaEFVX3lxTE9IQ1F5S0RIcExTakJkSVFWTXZDVGNYdG5weU5zQnBqVUtOZ3pQZmpDRko3enQzSmlVYVBfc0M1Sm1FdUpxLS0wMllqZGx3LVdrd1E5SlBDLTYzRWVnNVp6TEdXRE8zXzNI?oc=5,"Sat, 01 Aug 2026 15:37:00 GMT",2026-08-09T20:50:33.079319,en,N9VOTES: BN-PN claim victory in Negeri Sembilan - The Edge Malaysia,False,True,False
GoogleNews-The Straits Times,unknown,Johor state election: Five key battles to watch for political shifts - The Straits Times,,https://news.google.com/rss/articles/CBMizwFBVV95cUxQWGNHak9sNm1ENDBzYUUxQ3h2WHF6ajhibnhjLU5oelJ4WWk1WXkzcm5iWnRTZjd3R1RkSHVBTWl0UGhxZUFEWVI5TGpGVE5qVTdlY2VPMWxSakNEcjVoNUtLQ1NpeTlDaUdnMk9xSVJ1a3FReDUtbVZZcnZsOWdhT09KeWxCQ2JaSG9zMEdpX2JKUzZ0ZE9XT1l4dTRLMktpWW5OVUswOE5YbFhXcjdOaktUdG5sU2ZhZDBncTduX3Zqd20wTnVtZlFoUUd0UGc?oc=5,"Sat, 27 Jun 2026 07:00:00 GMT",2026-08-09T20:50:33.079319,en,Johor state election: Five key battles to watch for political shifts - The Straits Times,True,False,False
GoogleNews-Borneo Post,unknown,"BN-PN secures two-thirds majority to form new Negeri Sembilan govt, says Ahmad Zahid - Borneo Post",,https://news.google.com/rss/articles/CBMiwwFBVV95cUxPOTBDU3RXVWlDdF9JTFd0bDFCS3REQy1Bc0F4Z1J2bHlWRXpzZFYxa2JMWHVTRkFlLTBRbWRsSlJzeURtUjRSUUlNTzJTbnY0dU9ZbktkN1JaTTJ4ZHJ4bkFjUm9vME80MlAwM3k3NXBVS2VuYXJXb21Pb2Q2dUl6ejZ3ZlBCVVduYlk3X1ZGZWh0bWkzS20zNVJRNGZnamFEQnBaaHZralZ5dUEyNDAyVC1tQmVJTExqN3ZiT2pOcmtvV1k?oc=5,"Sat, 01 Aug 2026 14:02:59 GMT",2026-08-09T20:50:33.079319,en,"BN-PN secures two-thirds majority to form new Negeri Sembilan govt, says Ahmad Zahid - Borneo Post",False,True,False
GoogleNews-Free Malaysia Today,independent_left,51.58% voter turnout in Negeri Sembilan polls as of 2pm - Free Malaysia Today,,https://news.google.com/rss/articles/CBMitwFBVV95cUxNcVk1eEZHZkFUazZhdXY2Z2tvQ01sQXROcW4xd0dKVGVwZ2lsSS1mZ3haNWJzb2ZvaV82WG02ejIyZDhoX2FjQnFXcUE2SUt0X1ZLNHFkaHM5UTFISzV5ejlKdTE4b2N0TmdxUXNYT2tpazlERVJQX1ZoOXA1WTRJODBZNTUzUVF2WFRMR2xJYk9CWTF4WEVHVEJ5bGxNejV6YWk3cHg0RmhMNi1mRXZKamZoSXBndm8?oc=5,"Sat, 01 Aug 2026 05:10:00 GMT",2026-08-09T20:50:34.588709,en,51.58% voter turnout in Negeri Sembilan polls as of 2pm - Free Malaysia Today,False,True,False
GoogleNews-Berita Harian,unknown,Maut dilanggar lari ketika pasang bendera kempen PRN Negeri Sembilan - Berita Harian,,https://news.google.com/rss/articles/CBMivwFBVV95cUxOdl8yNGRPR0dDek53TmZ4dGtUQU9ucmZUT3ZYdms5WHZHWW84UE8xU1lkSnNWVGc5U2ZITk9DVE5HaHQzTmt5dFY4VHpKWWJDZnRaZWIyQXV1TkkyOWx3VEU5NjNwZldNYkdKU3ZJWTFyb1JOVHZLVnJXT2czaVVjRjU3VS1HMVpJZWVKZWY4SWZHOGdoYl8wV0JzTnhEaDNnNFVyZ1F0cG5TR2pURXI0TElRWWFjdjBFajM5VmpZY9IBxAFBVV95cUxQd2VMdU5UdG9qbGpoaE1GZjVab1BWS2doZVAyeUt2U01iYjFzblZMVFRzdVFkd2lIaVFkYnZDOU5mamd0UXlmbm8zQ1RuQnhfSTNQaktZMDFqQUxMdU43bktGUVRUVFZOUFM5ZDR2dU1PX2s4NlhHeV9vLUZUZTZOak5rX2xiaTZNNEZXd0NsT19qTDdNSUdQaENRZ0g4QUxES1NxOFBnUXNtaHlLOFIzRWZJdmJ4WVZ4dmwtZmpOYTFYREpn?oc=5,"Mon, 20 Jul 2026 07:00:00 GMT",2026-08-09T20:50:34.588709,en,Maut dilanggar lari ketika pasang bendera kempen PRN Negeri Sembilan - Berita Harian,False,True,False
GoogleNews-Malay Mail,centrist,Negeri Sembilan race begins as nomination day kicks off - Malay Mail,,https://news.google.com/rss/articles/CBMiswFBVV95cUxNbzlxaWJLdm15WU0tUXgyN0FBVUdac0FKMWh3NTAtLV9PNVdpTWUweGpQWTdoVTk1SENCRmdCVVJ5bnBNcW5LWm81a29UYzVxS0l5bTk5LVJGQTA3N2h0ZF9mdDRuNm9qTWgzYmxKVWk3N2p5WTZaeWRGcmRKR3BpUGQ0OWs0c3licklsZzE4bzZMbFh3SU9aTU1GWURGTkFDNjJnUm13SWJmWGloNXdDNktmVQ?oc=5,"Sat, 18 Jul 2026 07:00:00 GMT",2026-08-09T20:50:34.588709,en,Negeri Sembilan race begins as nomination day kicks off - Malay Mail,False,True,False
GoogleNews-Malay Mail,centrist,Negeri Sembilan election sees 37pc voter turnout by noon - Malay Mail,,https://news.google.com/rss/articles/CBMitAFBVV95cUxPUVhuV1Foelh6eFdSZ2RSNUJQNnpUS0JyQ1lQTFE5X3dwWUhNZkpQQ0dKeTNJa0hiU2hXc0tLYXJiYzNhLXotUDF0cGlDMEM4VFdIN0s2NmVHeWk4V0E4Y29iUTV4MmZjaW9zZGM1M3ZqOHNPTjhHbGhRVEVGOVJxRGFRZG1IUGc5cGk1SWJxTVBVRXl1STZJRlJMR0Q3VjBSZXBrd2U5ZXBrRDR4eXRPeERWNzTSAboBQVVfeXFMTjI1YjV1NTk0UWhxUlFwT2pqaFFsRHVQM2NZdjlOTzJBbHZmOXR4THlCVDNmREJCbVNORzVrNzJ2Q3ExbDFtZVFuYURXWVdPQXZoakVTbXZNeTZwVmlNWUg1Ri1mYUVXSzVqOFV3Q04xY29MZjVDWWVqX0ZfMFVQRFhrR1RfWWlSWkhhZi1BUDRRTlNVSWZQMVhwOXdCQkYxVFFCSVNoWGpGY0lmZ2daNkVnUmtVX2w4Mm93?oc=5,"Sat, 01 Aug 2026 07:00:00 GMT",2026-08-09T20:50:34.588709,en,Negeri Sembilan election sees 37pc voter turnout by noon - Malay Mail,False,True,False
GoogleNews-NST Online,establishment_right,Negri polls: Voter turnout reaches 59.03pct as at 3pm - NST Online,,https://news.google.com/rss/articles/CBMinAFBVV95cUxQVjc5aDMzNnRyZjg4U292dzlCV3hEdUFraUhUdVRqbVFmTWdnZGFtZ2hpNFhpZjhMVDB4amJiZnQ4VllGaHptX2ZZVE1vUUJVZkl4R1pJc3ZGcU9QQ1ZESnFuc0RiTlVIbWZ4aHY2YUwySFhDZjdjN2g5d3hGTVgxMURtRl9DLVB0S0JZUVVjaXpXN183ZFc0WmhvOHjSAaIBQVVfeXFMTU9qZFltVnNHaFhXSWUzU2NLLVhTbmFwMDRpNUxoREcwZjM0ZTBwM3ViOEJwZERLVEpCTWNfX2d6OURGejh1eHRBZmJKdDNDX1U0TnBTa2tsRU5QX0NKTHdPcTREMzNTZFdJRVBFWk5UZk01NTJNcjBVMGY2cGw0ZV85ZkhnSjBDRjF6dnViQl9SUUVMQndhb0l0dXJKWW5veGZB?oc=5,"Sat, 01 Aug 2026 07:37:13 GMT",2026-08-09T20:50:34.588709,en,Negri polls: Voter turnout reaches 59.03pct as at 3pm - NST Online,False,False,False
GoogleNews-The Edge Malaysia,business_neutral,"Negeri Sembilan polls: Four days left, candidates step up final campaign push - The Edge Malaysia",,https://news.google.com/rss/articles/CBMiUEFVX3lxTE0wdmFabUp6VHRzVzdpVTRITXVjYVFoWTB1bThNTEN4cTdLTm1wMjliT2pNbFhtY1lycTd3amxmS3pucXA3YmJQQ0h1VjlXdzN0?oc=5,"Mon, 27 Jul 2026 07:00:00 GMT",2026-08-09T20:50:34.588709,en,"Negeri Sembilan polls: Four days left, candidates step up final campaign push - The Edge Malaysia",False,True,False
GoogleNews-Malay Mail,centrist,"Negeri Sembilan polls in numbers: 103 candidates confirmed, 21 seats head into three-way fights - Malay Mail",,https://news.google.com/rss/articles/CBMi5gFBVV95cUxPU2sxNDhHX09Xb01MNVROQXlYWnZxNXJMLXJrUkgtc1VkR0FzSTEzR1A0YlQyMTQ1RUdvemhjQXQxeHNvVnE4TXBZd2xkWHBoTllMamJCLXJwZDZjQlNjNEp6V2NyX2ZxTmpVdWhuUUdSS01hX1hjYmo3R2FHM3JSYzI3Q3FVNFlBazV5LWdLZmNUZEdBQTREZ1podkxicUlUZ0NqeWJRclJaWmRqYUg0aFlWajV6MHM5Z1ZBWFZzWU9hT2piMnAwZkpkRlluLWZGV1p3TTI1bU5HRkwwRWJfYldHWTRMd9IB6wFBVV95cUxOUGxNQnNFLW9mYXhsSWc4bE5XUTE0NXNFU3lLUEY4MmNzaGRpMmVpWEpCOHktLWFzX29TSGp3MlQ0eHFIdzNORGtTSEw2Q1h2Tjk5V2pTV09sMHlOTUVUVDdLbmtYbmdYNnI2VzJkWFlFRy13a1BuWExzUlJIeFRYdndPOHlsUzBqdk5qcGJBdjVRRzdkd0F0NG9lYVZER2NuaHpuc1BJME81MVRXemx2T2x4WkdBTHBPRHRPc1c5cUJ6dXVQZzNIX01JNzB5YzkwRlh3eURjYk5uMTJzZXg2V01hYlJGNWtDa0hJ?oc=5,"Sat, 18 Jul 2026 07:00:00 GMT",2026-08-09T20:50:34.588709,en,"Negeri Sembilan polls in numbers: 103 candidates confirmed, 21 seats head into three-way fights - Malay Mail",False,True,False
GoogleNews-The Edge Malaysia,business_neutral,Occasional Holiday declared by Negeri Sembilan state govt not mandatory for private sector — Labour Dept - The Edge Malaysia,,https://news.google.com/rss/articles/CBMiUEFVX3lxTE9BX3MweG1FeHEtRF9kclFHN3JpaUR3WnQ2R3BQNGcyQ093OGV5dDdyM2JZQlQ1cWxhSnRSTXJHR1NVNkthTUZIUjlVaGJXNXdf?oc=5,"Sun, 02 Aug 2026 15:02:04 GMT",2026-08-09T20:50:34.588709,en,Occasional Holiday declared by Negeri Sembilan state govt not mandatory for private sector — Labour Dept - The Edge Malaysia,False,True,False
GoogleNews-Free Malaysia Today,independent_left,PH to unveil ‘manifesto for continuity’ in Negeri Sembilan tomorrow - Free Malaysia Today,,https://news.google.com/rss/articles/CBMixAFBVV95cUxPa3g3VTZ2V0ZqdVdYQjZrZDJvMXVsRV9jcXVyelgxVWlVSzZrWS1WZnNrNGtjWmxER28tWjkzd1JDandHeWxrWjBZSi1IWUhHRUxfLW5XdmR0eC1EUTkwcnpuWVF5VTZHcF9WT0JGUlZLOFlxQWh4bDhlc2lEbi1fM3ZHaTZOLTBGdEFFeVctNjVjX29ibGNhb3RwX0JQei13RnVMM1FGcVNCR1p4V2hKOWlvNFhBT0tYYU93RmpVYnIyLVVo?oc=5,"Sun, 19 Jul 2026 07:00:00 GMT",2026-08-09T20:50:34.588709,en,PH to unveil ‘manifesto for continuity’ in Negeri Sembilan tomorrow - Free Malaysia Today,False,True,False
GoogleNews-Free Malaysia Today,independent_left,Bersatu umum calon PRN Negeri Sembilan - Free Malaysia Today,,https://news.google.com/rss/articles/CBMiYkFVX3lxTE5MSVZlNmN1VzVkVEd0M3RoWmNvaVZfYXA4b09yUGxEeGc2akhHRFV5ZkxEbWs2MmlqUE1Va3lwcVB5U195R0JhV3hlTEFwSmZ0bUhXNkxqVHRnaGt3THB3YmNn?oc=5,"Fri, 17 Jul 2026 07:00:00 GMT",2026-08-09T20:50:34.588709,en,Bersatu umum calon PRN Negeri Sembilan - Free Malaysia Today,False,True,False
GoogleNews-NST Online,establishment_right,"Ampangan, Chennah, and Linggi set to be among fiercest election battlegrounds, say analysts - NST Online",,https://news.google.com/rss/articles/CBMisAFBVV95cUxQZThLMmxNc2lfWUxYNWUtdzEzbUJSSlZ4bm1xVDVQamw1SDdFQWM4RnRwS0VDXzVvSDljdk1yV2tWVFlkWTIwZEduS21rTDV4RE1KcEw3cXNWRW9oS0kyczBhUEo4d2JLMVpSaS1LTFZEYVJGcTdqYmtfTkdUbDRQOXVRdHVBS3pubEMxNXFPZmpEYnBhWWRnWW9MVnN4c2RCRzhZaVB0Xzc3X0gzRmNhZ9IBtgFBVV95cUxQYVB0WU11TXJmdFJvRERiSjA0TDdVa1lrVXZYUUU5TXNWaEY1cHV5ZklpbkZWTXhoOTNIRkczZ3BWRkhVVUplaXlTSGVnUm91S0FIeE1Ia01pWld3R1VLdHo4azBKaEJScEVOZk42MHl0c3pKS1FKVGkwZWNDWnVwVVJTUDdoNGltYkE2X09Ta04xVTV5RVBaU08yZEYyaW1hNld1czMwYkItenlTR0RWeVpKQ3hydw?oc=5,"Mon, 20 Jul 2026 07:00:00 GMT",2026-08-09T20:50:34.588709,en,"Ampangan, Chennah, and Linggi set to be among fiercest election battlegrounds, say analysts - NST Online",False,False,False
GoogleNews-Free Malaysia Today,independent_left,"BN, PN to merge manifestos for Negeri Sembilan polls, says Annuar - Free Malaysia Today",,https://news.google.com/rss/articles/CBMiwgFBVV95cUxNWkxUOTRRZThIWUNiZTN1Sk5obUJVd0dLci1EZzVSdFh6QVJXbXlBM2tqT2V0dTJkOHZQR2VGMUFIMTNlcEVSV2dBTVI4X0dpb0R0QzBWSXVqRVRxaF9jVDhEMER0YzFOR2QxR0JBSXZCVW0xeWNsV2kxNGg0eEJLSENlY1JqX1I0NTdFNFFGM2JleGlHb2hneEVRQnZpRXFJMC1Zc3g1Z1ZteXJPT2g2bm9NUHk2WHpnU2w5RTgtdnBQUQ?oc=5,"Thu, 23 Jul 2026 07:00:00 GMT",2026-08-09T20:50:34.588709,en,"BN, PN to merge manifestos for Negeri Sembilan polls, says Annuar - Free Malaysia Today",False,True,False
GoogleNews-NST Online,establishment_right,"Zahid to launch BN election machinery, candidate lineup for Negri polls tomorrow night - NST Online",,https://news.google.com/rss/articles/CBMitAFBVV95cUxPSTNiYlFta01vUjdzaDBIdW1uNHdVY2VuclY2TEVnV3pBSW1CYWlUZUd1U21FWnJrdEUzcW9oZWhra290cEIyZGhiek9FSGFnUUdoeTZxTmY0THZsXzNRUFlva0k3LTQzQUVnR0ZTV0F0N0I5c0NYTGw0aXR2dXNaUE5JS2RYOFpuU0NzM2RkZW13Q2xmcjlneWF2NDVPTER6ZEF1bXdzZUNkWmwzdkNjdE0tWVrSAboBQVVfeXFMTWRETXFTNlNtcmZqZ0NoQTRQTVlaUEp5ajhxZUdvRDJBeFNKNGpYVkZCSXd5TWN1TWl2TVJhTjhVNXpvYjRXeE1KSS16dmV6b29XY2RXLXBfQkduZXJxQnNTb2VfdXA0eTR1ejVOQWpQTnRpYkxFdEZVZ3NHSzlaNWgwLU05bUNNekRHQ2NkakVSaXFJenh2aWVJYl9jZW1fbW1ZYlF1eG0wMUZWNlF5SzZPdkJMeVZPY2V3?oc=5,"Tue, 14 Jul 2026 07:00:00 GMT",2026-08-09T20:50:34.588709,en,"Zahid to launch BN election machinery, candidate lineup for Negri polls tomorrow night - NST Online",False,False,False
GoogleNews-NST Online,establishment_right,"PN-BN pact puts Negri Sembilan people's interests above differences, says Samsuri - NST Online",,https://news.google.com/rss/articles/CBMi0gFBVV95cUxPek95dldlcVNudFpsam96RTRjc1J2TDNtQ3BtNy1IZkFuc3R4U0xORGpzM3c2OXVhR2NhejA4X2hsRnFvX0JPemYzX0trN3FhSFNtMHhvX25zUHNyeVMySklPcDkxYjRsOWpFXzVnNG9nb0ViTmhrOC05N09jckNwdjBuVzByclJSR2k4YWg2OE9zVDJ4V0szNThOQUloVXdobUVKSEYtam1sMnNiNFFmS1lrT0ltcHpDd2FXRWR2SXczZDhtMlpZdVVzOWY0Q0ZDckHSAcQBQVVfeXFMTnpDQ0pqUVN2cmo0RTdVN2NLc1RQWS1fRlBWb2pFcndGMFV2eXJVV180aFpReVozd1JZVXUwQl9oNWVFdXNXeFgxdzVFVHR1ZXRCbHVvTW5xR1JRQmd1YWFhUzBxcVpUaEJLVlhTS09OOHlDZVo5TmhGZllfU3pidk1IbnEtTzRzRjdLLTc4WDItZFJsLS1zZng5aTQ4LVdpUWVZbkdfb0NVZFBhNExIOUJuRXFiY2FLOURzaEVxYXVEQ2hWdA?oc=5,"Sat, 25 Jul 2026 07:00:00 GMT",2026-08-09T20:50:34.588709,en,"PN-BN pact puts Negri Sembilan people's interests above differences, says Samsuri - NST Online",False,False,False
GoogleNews-Bernama,government_official,N9 Polls: Appearence Of New Faces Provides A Fresh Option For Voters - Bernama,,https://news.google.com/rss/articles/CBMiVEFVX3lxTE5kQ3JEczllWEZRYV9RQjZ6Tld5Nnh0c21QcVA4XzVVUUQyekU3RUlMYWx0RGFxX3VGVFJkQjlyQkxnRzlBZnljQnpiaVhGZTVGVEh6cg?oc=5,"Sat, 18 Jul 2026 07:00:00 GMT",2026-08-09T20:50:34.588709,en,N9 Polls: Appearence Of New Faces Provides A Fresh Option For Voters - Bernama,False,True,False
GoogleNews-The Vibes,unknown,PRNNS: Loke: 'We must win all 11 seats to help PH form state government' - The Vibes,,https://news.google.com/rss/articles/CBMitAFBVV95cUxNOTJhblN2ZE10cjJYcXVXUl92YTNMQ09leF8zVmx0NDd4Zk5wU0FZRGhjcG9RTUxESms3RTdtMEdKZGdpV3h1eC1UWW1KMEhwUzlaWHQzQThkNjFXU0FCaXFMUWZLeExLRzJ0XzhabnlNR19UTjdwcmhPdXlzcU84Mm81TW9MMWRDVVhGR0NSVktESmtNZVRLaVYyM3BkQU4yeHg0bFV0enl2Vy1YWWhTblRmOW4?oc=5,"Mon, 20 Jul 2026 00:37:00 GMT",2026-08-09T20:50:34.588709,en,PRNNS: Loke: 'We must win all 11 seats to help PH form state government' - The Vibes,False,False,False
GoogleNews-The Star,establishment_right,Negri polls: Abdul Hadi instructs PAS members to vote for BN - The Star,,https://news.google.com/rss/articles/CBMirgFBVV95cUxPQ3llUXV0ZkNPU0Y3aVJhcFdxWC1KTUxkOV9MRjJzUEpjazBad3dTb3BwaHlienRtbktWOW5MTzJBOEhsOHdqYmFRaGhtM2VPSktVMW81ejZWbUF5Mzk5QmlRSXZjQ0RyN3BWcWQxaUs4d3NQZ2hWYzVvWHpUblo0UGo0WXZfc3l5ZWFabWVTWHpMVWNOU2xheUF3SGszb0I0dnlYdTkwVU1IVG9VUGc?oc=5,"Thu, 30 Jul 2026 07:00:00 GMT",2026-08-09T20:50:34.588709,en,Negri polls: Abdul Hadi instructs PAS members to vote for BN - The Star,False,False,False
GoogleNews-Free Malaysia Today,independent_left,Election results show Malaysia trapped in a cycle of race-religion politics - Free Malaysia Today,,https://news.google.com/rss/articles/CBMi0wFBVV95cUxPaDRGd2hZYW9TSGtyQVd5WHJCdF9KSE1HX2lOLU5mUURROU1KRU4taUV4SmNUQmc2UjZnMldBZHNjNUZ4Rk1OMjB3YmQyTTcyYUxwTDhDNlBST2pXY3ktMy1USkJLMlFGT1A2STlHaDZHaUd2VFFROHlQS0ZaMzBTeXA1bVRMZzdkZ3ozcGo0eFZGTy0wYXJvMW9oeW5FYS1XbXVFNy1UdXZiMkdDMnZtYXdSMkVrYVJvcllhVTM2ZXp0aHlYMUJKa00yQzI3SGZlQzdJ?oc=5,"Tue, 04 Aug 2026 14:00:00 GMT",2026-08-09T20:50:34.588709,en,Election results show Malaysia trapped in a cycle of race-religion politics - Free Malaysia Today,False,False,False
GoogleNews-Free Malaysia Today,independent_left,"Young Negeri Sembilan voters prefer parties over candidates, says think tank - Free Malaysia Today",,https://news.google.com/rss/articles/CBMi1gFBVV95cUxQV3V2VmZ4X3FPSkQxdXF3NmlTeTBfTGl0NEZJT0NRUnBRWDhhazVVLUtnbG1HcFY1Nkt5bHM4MFdtWGtfTzliejNrWUNnNzl2ZUxyV0NBT0ZzYkpMVlJEWjBULWFvbDl4aUk5Q0tYajF3MWQyVGZyemlYZThTVHFFZmZDLUpDVklzLS1fT3lFRjZFamsxZEN4cURkaXpBWGNJSG1CbUxLaTNzdnpROXgtTjRTalpIZ1RJc3RiY29wVExFLVd4N0V4bVlhb3pYZGVZVEJVZm5n?oc=5,"Fri, 31 Jul 2026 07:00:00 GMT",2026-08-09T20:50:34.588709,en,"Young Negeri Sembilan voters prefer parties over candidates, says think tank - Free Malaysia Today",False,True,False
GoogleNews-Free Malaysia Today,independent_left,Biggest winners and losers in the Johor polls - Free Malaysia Today,,https://news.google.com/rss/articles/CBMiqgFBVV95cUxOSVd6VHp3RXZZZTJ0UjFueURFVlQyTktKZVA2MVJtVEFXOGdFNEkzeDZCMHdXbGNVX25lTS1LZ1NIR0ltQThUZXlZLTJqZnNQem5xQ1NXc0VRc0o1QXBlRlNYMnk4Qm5hVTQtTkJ1elUzdElVMEdJSEpScEVZZVZTOWt2TTl3OG9BSGpNNW0yU2o5bTdmODVWeGpkRVpTcU9lanVWSjJxYk9XQQ?oc=5,"Mon, 13 Jul 2026 07:00:00 GMT",2026-08-09T20:50:34.588709,en,Biggest winners and losers in the Johor polls - Free Malaysia Today,True,False,False
GoogleNews-Free Malaysia Today,independent_left,Liputan langsung PRN N Sembilan: 7.00 malam - Free Malaysia Today,,https://news.google.com/rss/articles/CBMiYkFVX3lxTE1KcFhBZHZxYU1EblJDbDJxckdyWk5aNGxISlZwQlhrU0d5bzd5YW5SWTJsUDV4QlhXSVFsdTUxNXFfNTBzeWVreVhtaXlJT1VIRi10d0VFc0R0X3VWVkV5UjlB?oc=5,"Sat, 01 Aug 2026 11:03:49 GMT",2026-08-09T20:50:34.588709,en,Liputan langsung PRN N Sembilan: 7.00 malam - Free Malaysia Today,False,False,False
GoogleNews-Free Malaysia Today,independent_left,EC denies PN leading in Negeri Sembilan early votes - Free Malaysia Today,,https://news.google.com/rss/articles/CBMisgFBVV95cUxPQnNfMkdqNldjNTdPY1lWaFF6NDRQbUtBeWprdVVUTUp0OHlFVkpTekh0U0VzYnE1QVIwMjM3T2N0WlUxZklaYWZwMWFjRjRHRFgzTGNPMWttNFhrdG1USXpvckZTcXhoTGh4bzI4TFJNM1ZZWDcwNUpGbktWWHZSUkJGdlctekNLSlVnN1hNMUpXUVE1dFVQSkE0UUJnZmZVVGREWFp6VmtiV2cyY1F0eUdR?oc=5,"Wed, 29 Jul 2026 07:00:00 GMT",2026-08-09T20:50:34.588709,en,EC denies PN leading in Negeri Sembilan early votes - Free Malaysia Today,False,True,False
GoogleNews-BusinessToday Malaysia,unknown,Negeri Sembilan Polls: Seven Election Offence Investigation Papers Opened - BusinessToday Malaysia,,https://news.google.com/rss/articles/CBMiuAFBVV95cUxPdUlJVjhTTkxtbHg4S2c5Q1E0VVFVMjlLMVlhMU1DNlFock55RHpOeHJ1c214VjgtTXc5WXA4emtiNHptOGhkR2htN2Zjd2FfTmh1MnE4alBwNzZlX0cwNzVvYm1zM1N1QVBXLV9kV0tfbGdPLVYxdHVmdEVOOXVrbnlodWVwWTR4RzI4b2trSVo3QW55Yzc0ZUNuV3ZJdTdWLXpQZ3hNeGx4QWdvT19iT2VOaGlvaTlJ?oc=5,"Thu, 23 Jul 2026 03:41:44 GMT",2026-08-09T20:50:34.588709,en,Negeri Sembilan Polls: Seven Election Offence Investigation Papers Opened - BusinessToday Malaysia,False,True,False
GoogleNews-Free Malaysia Today,independent_left,PAS tunggu Muhyiddin bentuk gabungan baharu selepas PRN - Free Malaysia Today,,https://news.google.com/rss/articles/CBMiYkFVX3lxTE9YVTRPa3BESGJsWHNaaVRRVTVDZFI5SU02V2ZtTERMRm5VSFlUVWdxZ3ZCRjVuaFBuNENWeFFmcDdmNWN2cEhOOFl1ZzhvUTN3U1hmS3VweDhKZksyYXZ0VGtn?oc=5,"Mon, 27 Jul 2026 07:00:00 GMT",2026-08-09T20:50:34.588709,en,PAS tunggu Muhyiddin bentuk gabungan baharu selepas PRN - Free Malaysia Today,False,False,False
GoogleNews-NST Online,establishment_right,Negri Sembilan voters head to the polls today - NST Online,,https://news.google.com/rss/articles/CBMikwFBVV95cUxOYUhrWDRJSjN3MFNNMC1EUHQ5QzBBaWZLQkFEaFp3bGMyVkVrSV9KbVh0ZFc4UzYxTmFkTUlYY1ZwcVdEamtOVlZsdWdaNjdsdHUwcjNIWDJPWmNTekdhbzRjbzU3aVFQSmVVUHhnTzhDZndNSU5KMmVuREZFRFN1dGgyMGI5NjJEOFF3Z3M0RWdMMTTSAZgBQVVfeXFMTVhfVlRFLWhpMko2QmZxQ0gzazdyLTlDWDBnVUxiYXVZamY1cl9fbklNcF9HbTVpLXdWcktzOU5KcVNCZVZCS0kzQ082NVF5YjAtUzRyR0JhcXQtOUNuc1lLaG0xVm9fSTBFOVZmUWJJVkoxbzFkSzNuSWxKUmJhN2NuZDZaVXdXNWRFUDZsNDM0dzhvVzBfOGQ?oc=5,"Fri, 31 Jul 2026 07:00:00 GMT",2026-08-09T20:50:34.588709,en,Negri Sembilan voters head to the polls today - NST Online,False,False,False
GoogleNews-Free Malaysia Today,independent_left,"Jalaluddin a likely candidate for Negeri Sembilan MB, says Hamzah - Free Malaysia Today",,https://news.google.com/rss/articles/CBMiwwFBVV95cUxNLW96TnU0YVlUVlFpV3BBOVIwek1kbXI5SEl2aFZ5RnV6Y1E5bE04aWZSTF9HbTl1dTBUb0FwYlhYa2p6Z1kya1k0SjZBNmNvc0E5bHhiSmdtcmpSbnlzTmJHdzExNm9qTnc0OVZ6MHRLSHVKWHhQTHBjcmdXcXJOdWdVemhjTjQ5cjNNT0FEdWxkd2N0Z3dUSzh6Y0JMQUNtQmgtQWpYLUVxOEJ6dFowaVcyWFA5aUdzMUYzT2c3SXBQV0E?oc=5,"Thu, 23 Jul 2026 07:00:00 GMT",2026-08-09T20:50:34.588709,en,"Jalaluddin a likely candidate for Negeri Sembilan MB, says Hamzah - Free Malaysia Today",False,True,False
GoogleNews-Free Malaysia Today,independent_left,"Siapa lebih Islami, MCA atau DAP? - Free Malaysia Today",,https://news.google.com/rss/articles/CBMimAFBVV95cUxPenJCbFViLWdvMXN5R2ZVWTdDZXVUdVd1OEtwYWUyRWtvMjNWMnJYZjAyUzNUQ0FuUVVqRXozeVZhSi1uV281YUt3dmJRbG94T09YTUJENWs1Q3VXMVpvd3c2VW5sTlRpc255TWR6LWpfQ1FVODk0dEpHWWg0aDBrc0dVTERfV3JHM2M4TXFJM282Tm5ySzEzUQ?oc=5,"Thu, 23 Jul 2026 07:00:00 GMT",2026-08-09T20:50:34.588709,en,"Siapa lebih Islami, MCA atau DAP? - Free Malaysia Today",False,False,False
GoogleNews-Free Malaysia Today,independent_left,"Jalaluddin denies planning to oust Negeri Sembilan MB, remove ruler - Free Malaysia Today",,https://news.google.com/rss/articles/CBMixgFBVV95cUxNQk80NGtRZFpPbDFoS0JKdVFhZ1FZZHpyMHoyTlhaUXpRQ0NfT3RCSjVwTkw1dXQ0dFR6U2NCd0F3Rm5pWUM3ekZKRjhfWjN1R3ZqNUdRZDRvS3gwc3lPRlpfZFNIQVpUU3RlZHQ5SlVzblgwRnhzRVh6RU5LaW5rekRxZFZra2tETGpsbVpMbXpSbENWVWJrTDNyQU5vbWYySENCbUV0MWh2VzJ2Q2NWSWhsVkdfZmFTQzRlVXdlMmZCcFZmRXc?oc=5,"Thu, 06 Aug 2026 10:28:00 GMT",2026-08-09T20:50:34.588709,en,"Jalaluddin denies planning to oust Negeri Sembilan MB, remove ruler - Free Malaysia Today",False,True,False
GoogleNews-Free Malaysia Today,independent_left,DAP bawa pengajaran PRN Johor ke Negeri Sembilan - Free Malaysia Today,,https://news.google.com/rss/articles/CBMiYkFVX3lxTE9aQW5jRTZqbmMzM0tsdXlSXzgyODRqUW1HV2RWSE5uYUExTTJWMUd0TUVjWnJRaW02SVlXckZrWkFZXy1IVlZuUVZmTW1EY0tBYng2R0NtdFNjOWVEUHdXQTl3?oc=5,"Tue, 14 Jul 2026 07:00:00 GMT",2026-08-09T20:50:34.588709,en,DAP bawa pengajaran PRN Johor ke Negeri Sembilan - Free Malaysia Today,True,True,False
GoogleNews-Free Malaysia Today,independent_left,"Gelombang biru sepi ketika kempen, menyerlah di peti undi - Free Malaysia Today",,https://news.google.com/rss/articles/CBMixgFBVV95cUxQd2s2d21sQWY5RHB1QXhqMEEwdjItbThnWGRBVXRIR003dU1rOGNReXJxWmNxRXAxQnhSVDh5RC16YUE4UlpNYXBCZFdQaHh1VElCYS04d2JXMU13TTRqNHd6Y0JLTmk5UllrdVZKU1k0MEI0WWZJMDhBUERVSGxJMm1HXzNvUVNrSDZNOWdVQXFycjBhSG9EUE5tUm5OQXNKQ0QwcHN2NlZ3RWNDZl9pMTViRVc4ZHF5TC1ESnVpNkpCejZKNnc?oc=5,"Wed, 15 Jul 2026 07:00:00 GMT",2026-08-09T20:50:34.588709,en,"Gelombang biru sepi ketika kempen, menyerlah di peti undi - Free Malaysia Today",False,False,False
GoogleNews-The Vibes,unknown,Johor PRN (Unofficial): PH announces eight seats won as of 9.50 pm - The Vibes,,https://news.google.com/rss/articles/CBMirgFBVV95cUxPcktDdzJWNlIzUXI1cHZBanQ4dTNWOFNDcTNnX3NYYzlnaHRXZWR2WnZ0b3hLdzV4MUNtMjFEYjZhN0lHZUx0RktzRTdQdF9wR2R3OWp4YjJpaWhGclBSOHoycU5Bc19IaVM5bXdQaDZSdkZXRGxYRDdVYUpucmQ3NXFJV3hDcnhtLTltdGxZSlpYVk02X1NuZmpnbThmNHBXX2s4dnBPODc2MUtsRGc?oc=5,"Sat, 11 Jul 2026 07:00:00 GMT",2026-08-09T20:50:34.588709,en,Johor PRN (Unofficial): PH announces eight seats won as of 9.50 pm - The Vibes,True,False,False
GoogleNews-Bernama,government_official,Bribery In Elections Must Be Rejected - Ahmad Zahid - Bernama,,https://news.google.com/rss/articles/CBMiVkFVX3lxTFB4VlhrQWIyeUlqc2JTdDVhLVRvbXZsUUZCQThCQWdLOTAwUkJjQ1ZOTGFpRXJMcTRGMkxYSzUydjdnQVozVVZWYkJmZDdPZy1oUGo4UHpn?oc=5,"Wed, 29 Jul 2026 12:04:00 GMT",2026-08-09T20:50:34.588709,en,Bribery In Elections Must Be Rejected - Ahmad Zahid - Bernama,False,False,False
GoogleNews-Free Malaysia Today,independent_left,BN win in Johor won’t necessarily trigger national resurgence - Free Malaysia Today,,https://news.google.com/rss/articles/CBMivgFBVV95cUxQdVRueHhrNEVXZUlIanpZTkhYVHJad2VPRldFZ0R5Q3hIU2pTazBoZG1iUVFEV25OR0RwSjFFRHAya1pRZGJxN2NxeFRmTnhibHJZQU03V1NYVXlBbk1kdEtjcnZ2MkpPdndPRnNQVXdua0Z6N1laWTJ6SUVHV1liS0NyOV9JcG5nM0ZzMXJ6Y3dmbElqMFJsSzdfbVhtekxZT3VaLWYwbTJ5bTZ4Z0ZlS1J5aVNmdklkOF9BUWdB?oc=5,"Tue, 07 Jul 2026 07:00:00 GMT",2026-08-09T20:50:34.588709,en,BN win in Johor won’t necessarily trigger national resurgence - Free Malaysia Today,True,False,False
GoogleNews-Borneo Post,unknown,"Tomorrow declared public holiday in Negeri Sembilan, says MB - Borneo Post",,https://news.google.com/rss/articles/CBMiowFBVV95cUxOVkp0SnVkX0ttQmN1Skh0dnZaSEVBRWVFVHlUdUYtcXo2QnRDOUd4d1E1aWVHVk5xQjVVN0NjM3VGRERzYnpWQ3FxclU4MXNvXy03VHJKVmlLZ0Y3dnJYQTRwazVvZl9QdnRlUVpTZ085eURBOG9EN2tSU0VpRDI0TGhXWE1SWmttVUFESkNZLVBpbWxzTXI1YVIzajV6bUhxQkFR?oc=5,"Sun, 02 Aug 2026 09:05:44 GMT",2026-08-09T20:50:34.588709,en,"Tomorrow declared public holiday in Negeri Sembilan, says MB - Borneo Post",False,True,False
GoogleNews-Malay Mail,centrist,"Six surveys, six different results: Anwar tells Pakatan to focus on campaigning in Negeri Sembilan, not predictions - Malay Mail",,https://news.google.com/rss/articles/CBMi_wFBVV95cUxPeGh2UnQxYjRVSlo4VDZab1lhVUZnMmw3ZXNLMmZkb0JFZVQtUm9MN2Y3azdhVnk5YkJ5QXloem1sdk1XSDNWcXZBeW50eW5icmFWN1BUNHEteHl0VkhrZnZFaTBsNlByZVdMV3FiakVUR1JqQXlMcmcwTHpHUFpQTHl6VVBKT21idS11a2MyUWdQMEN0SVVIT1UwMG4zbnFadmdkR3U2S1E4ck43TlptYWdFdUpqZUt3a2Y5c3Vvei1uWUhsQkU0S2lRMFp6SWtKOXN0OEhLWFp4VlhVQkpKbXRaUU5raURZT0JZSk9mV25NampwUGRGeEN1enVuS3PSAYQCQVVfeXFMTjVwTjVRLVNMUnNTNXhucUVuT3pDOER3Z1hyQ0lPOVFtamgyMnFYWVlSNmtxWXN3RjB5R2lhZTNQREhNYWIzWXUwRkJqWVpaZ19rb0NwSmxuZHNubkZiVUtiUEdVQjBpd0F3RlRWbTFwNFFkejBZc3pQdEQ3eVFLcHE3VG9pcWJIMHp5M0c4eDhtZ0FydEVHT3lEVExGdDFyVjZRZnNlbHVGdTJreUs3V3lMNGRZRlhzSWpXMEpuRUNjVzhzdE9NMEJ5VHdBWW9XR3FGcVhOQjNCSU04YzZVRXBJeDRGT0N2cHVyNTE0Y0hjNWx0RDhLM0Z6ZUJwdUxsQVNhVW4?oc=5,"Fri, 31 Jul 2026 07:00:00 GMT",2026-08-09T20:50:34.588709,en,"Six surveys, six different results: Anwar tells Pakatan to focus on campaigning in Negeri Sembilan, not predictions - Malay Mail",False,True,False
GoogleNews-Free Malaysia Today,independent_left,"Call for removal of Sabah BN chief Kurup could backfire, analyst warns - Free Malaysia Today",,https://news.google.com/rss/articles/CBMiygFBVV95cUxObFFtQmNKZXI4OXpTTmJEdEVfZ3NGckgwYlpVVS1MWlpuSWVEUml1ZUVJeXRGbldyQUN2TF9FVWhFVTdicjZ0SDlpQXN1YXdpQnpLdXVEaUE0OGxEX0dmRm5odkQtUGF1bDBzVGRiY2lhb3BCcE1FVXhRUld0M3Nua2ZYN0JJQ0VZSFJtbjVsTUVjSUI0XzdFeXE1VnBhY1JvWVQ3Ri1kajEwYXVQcDM4ZmlFZ3lMY0JBam1zdTVMUWtMYXVpSFdmRFVR?oc=5,"Wed, 05 Aug 2026 02:00:00 GMT",2026-08-09T20:50:34.588709,en,"Call for removal of Sabah BN chief Kurup could backfire, analyst warns - Free Malaysia Today",False,False,False
GoogleNews-The Vibes,unknown,PRN Johor: (Unofficial) PH races ahead in closely watched Skudai as unofficial results come in - The Vibes,,https://news.google.com/rss/articles/CBMitwFBVV95cUxNeHNxY3dIVkdxRHc2bWtUUTE4SFc3RDY5Z3FxeGlpOE5UWmVsSUxOR2VVYmJzVG1mX3lsbGFkX2ZmZWNMZ2ZyNXkzd2tMUm9faUJ5aHQwVUNCX1FRcHBhUUJlMGtFTUFWNDMwRGl6ZnBLc0tyNlVaa1dtWHZSX3NIUVNHVGVPX2hFM1BXMGNIcjcyNkllNV9oM2pqVXNBU0VRcF9FZlZDbGJTMkxSbHBpWERnQ0M3VEk?oc=5,"Sat, 11 Jul 2026 07:00:00 GMT",2026-08-09T20:50:34.588709,en,PRN Johor: (Unofficial) PH races ahead in closely watched Skudai as unofficial results come in - The Vibes,True,False,False
GoogleNews-Paul Tan's Automotive News,unknown,"Extra KTM ETS trains for Negeri Sembilan state elections this weekend - JB Sentral-Seremban, KL Sentral to JB - Paul Tan's Automotive News",,https://news.google.com/rss/articles/CBMi1AFBVV95cUxQbTY1NkhNUHZRUHVKTjdhcXB1NmpzTWx5RjcwSkdPcDJYSXRUWjlqMU93cUZiaFh0M3U1STN2RTZVd19kblo5OF9vX0FvalJpTWxXLVAyYWs5eDZiYUthRzIzc3dlS09UcjFGdF9PVXljdklsNDR3V3lZRnk5cHpOMXpXWTBaS21BRGl0MG1YYU9qVTJwUndiaDY3bVV0anFjUTB3cGZOdXp4MGpmVmhYdngxYkhsOEFNZlB2S21DMTh5VHRzX3ZhM1dZRU5oSnVhNEdZUw?oc=5,"Mon, 27 Jul 2026 07:00:00 GMT",2026-08-09T20:50:34.588709,en,"Extra KTM ETS trains for Negeri Sembilan state elections this weekend - JB Sentral-Seremban, KL Sentral to JB - Paul Tan's Automotive News",True,True,False
GoogleNews-Free Malaysia Today,independent_left,"No immediate need for Loke to resign as Negeri Sembilan chief, says Chow - Free Malaysia Today",,https://news.google.com/rss/articles/CBMizAFBVV95cUxQeVVGdllsQ29UeGVpQmJwZ0I1Z2dkNGtHRFhhTzEzaDBTNXUxM1VlbVdvVkJjV2h1SkE5YzFDWDBMSUM1QUZjM0FwMVZ1OVRaVVF1VFJ3RXUtMGFnS0Y1UFYxWjcwZWNCbFlTaDlHNWtQc29TZTRUUGtSZURwcHF1cTNmNHpSN0xERmV4OGlVQkxhOVBKS3FlQTdaV3pmaXVQRU50Sm5lTnpoamY3YnJ1SmNFNlIwRGpCNWExX245cHZURTBMUDVPQlVPeDk?oc=5,"Sat, 01 Aug 2026 14:56:00 GMT",2026-08-09T20:50:34.588709,en,"No immediate need for Loke to resign as Negeri Sembilan chief, says Chow - Free Malaysia Today",False,True,False
GoogleNews-Free Malaysia Today,independent_left,"MCA, MIC benefit when Umno is strong, says analyst - Free Malaysia Today",,https://news.google.com/rss/articles/CBMirgFBVV95cUxONmg2QU0tRjVxbFA5SXlVcDBqOThTRGxhS3FGa3ZBQi16Y2VvT0RCeU1kNl9hWmpmRVowUDN5RmU2Zms2MWZwWDBScVhyeU9HczFhTm9mYUV4WHd0c29palk3N0JTWk50WjgyZVpQemRDUFRTXzdUeU1oTF9SbmJQNDRqUTREdDE0WXpha21pRnoyVENHRDIxOTlYWVlRX0FXX2VVR09yV2lYY3lpd2c?oc=5,"Tue, 04 Aug 2026 14:30:00 GMT",2026-08-09T20:50:34.588709,en,"MCA, MIC benefit when Umno is strong, says analyst - Free Malaysia Today",False,False,False
GoogleNews-The Vibes,unknown,PRN Johor: (Unofficial) PH close to victory in 8 seats - The Vibes,,https://news.google.com/rss/articles/CBMingFBVV95cUxPdG9SUWp3eUEyWEZIZjFZQlVuckVfamUzWmxiZ0c5NmViTDJIc3dXWXF3WFVjRkU3dzZ0ZDUzSHRLcGkxMlRLMi1raWktSHFBeTBsc1hLc0F3U3lJSi11REIzZEc0OXNHSkE0QmU3WjlKNG9BUS1sWHhWNGFTXzBvbUVjU2xsU0l5YnlITFVGZXB4aUxtSXNoS3dPa3RLQQ?oc=5,"Sat, 11 Jul 2026 07:00:00 GMT",2026-08-09T20:50:34.588709,en,PRN Johor: (Unofficial) PH close to victory in 8 seats - The Vibes,True,False,False
GoogleNews-The Vibes,unknown,PRN Johor: (Unofficial) Maszlee leads in Puteri Wangsa - The Vibes,,https://news.google.com/rss/articles/CBMingFBVV95cUxPTVlWTExUdmlnempLYlBUVDJTTkNIRG1qRVVaRnpwWGpHdEtpYkZlWjY3OUh3VVd3ajN4Tk51d29uVUgzdjA3eUtMSUx6ZkFvbTlpTFBuQ19wZzMwNXQ4TEprY1cxb2cxY09STGZkVkJVNm8wUzRiWTBveTVTY0k2aWNuaUttODBzWjVKdjlFOVZlaGY0bGc2dDVjVGVUZw?oc=5,"Sat, 11 Jul 2026 07:00:00 GMT",2026-08-09T20:50:34.588709,en,PRN Johor: (Unofficial) Maszlee leads in Puteri Wangsa - The Vibes,True,False,False
GoogleNews-The Vibes,unknown,"BN-PN ‘cooperation’ a stab in the back, says Amanah leader - The Vibes",,https://news.google.com/rss/articles/CBMiowFBVV95cUxPb1E2M1pBNE9DVy1EVWN5N0ZNYnRYUzdTSXRuRERsZ2pvWlpDbVpWM2hVUnpkdWJPdTJlN2hZd1dqbkkwYzhHTXJmcHFKNUNxY3RtM09DWFY2eW1NMFl6V01oUXlLQXVHWFJYUXlHUUNzSzNlQVYwaGFONm54MFBpNVp5aHlnZ0JjbGtSbnlOYXI5RklRTjdKc0ZSakJvWm1FVnJF?oc=5,"Mon, 03 Aug 2026 04:53:00 GMT",2026-08-09T20:50:34.588709,en,"BN-PN ‘cooperation’ a stab in the back, says Amanah leader - The Vibes",False,False,False
GoogleNews-The Vibes,unknown,PRN Johor: (Unofficial) Datuk Onn Hafiz Ghazi wins in Machap - The Vibes,,https://news.google.com/rss/articles/CBMipgFBVV95cUxQNlZPd01WYkpJbUNjSG5MX3RqTHU5UnVZbi1sQTIzNGNRLS1Rd3pBbTVpd05ITU1uRVZyUFI3QUVHUVRmb0pUWDh4cVdrTlRkRmtzU2tEUUJVRnZ3LUxVMW1uOUpxQktRRHVGQlB0dVdxM0RPeW85YzFvTUNUTngtekF6dk1mY2o5RmtORWpwYlc4bk9QMGRrdExuTHRGbm5UbjdrNVNn?oc=5,"Sat, 11 Jul 2026 07:00:00 GMT",2026-08-09T20:50:34.588709,en,PRN Johor: (Unofficial) Datuk Onn Hafiz Ghazi wins in Machap - The Vibes,True,False,False
GoogleNews-Free Malaysia Today,independent_left,Kuala Pilah PKR slams ‘saboteur’ claims after ‘defamatory’ banners - Free Malaysia Today,,https://news.google.com/rss/articles/CBMiwAFBVV95cUxNeWdFQTVITXJZOWhsYzQxZ3BkNFd5Z1cwSGtaYmxVRkhqWldGeWYxWHJSdzVNYWtlb25kdHlwa1U0YUNRTXJZNUlRVW5tWG9pNE5PeTFIT3E1YlgybG5XNmdIUG1Celo1ZWR3NnNpamVraHJleE5fai0yem1KMVdndWFVZ3hQZDlmSDFyaGl5LVJGTFpGdlVpSzFPaUlrZ25kaFBrSnB6c19QaVhuQUxwWG8xbFpxN056OWRYWW41SUg?oc=5,"Fri, 31 Jul 2026 07:00:00 GMT",2026-08-09T20:50:34.588709,en,Kuala Pilah PKR slams ‘saboteur’ claims after ‘defamatory’ banners - Free Malaysia Today,False,False,False
GoogleNews-Free Malaysia Today,independent_left,Cops probing Labu candidate over alleged voter bribery - Free Malaysia Today,,https://news.google.com/rss/articles/CBMitgFBVV95cUxNR1VCeWhvanVaU3NUZUJNRlo4MUdBeHQ2V0VmQm5Ta2JuLXRXZjlUU0hrdTE2Z3I5SjFjdzhOdGFXOWh2SmF1MmczWTRyVjhJdEV4bldZcFl4WlM0ZVFxb3ZwMXFxM1BrTWtaR0F0SlZDWWZRTzRMQnlIQ0RUbjAybnRTa1lBc0VOb3hFUzQ3dmdkZFpVNnZOc0JYNE5RMWdBOEZTUm1jZFFWYkJEMVBlMmhqdjY3QQ?oc=5,"Thu, 30 Jul 2026 07:00:00 GMT",2026-08-09T20:50:34.588709,en,Cops probing Labu candidate over alleged voter bribery - Free Malaysia Today,False,False,False
GoogleNews-Free Malaysia Today,independent_left,"Pengundi muda PN tak sedar PAS Bersatu berbalah, kata Ilham Centre - Free Malaysia Today",,https://news.google.com/rss/articles/CBMiYkFVX3lxTE1XOXRCZTZ5dEZ6bHViVU5UUk9OTktJcFU5ZTNHa3NxOU5CQlBrbVJ2dDBuUmFpZFlfMmhNb1A4Yzh3UnB3RTBOLTExY29QNngzR3Z1TzdlaE1FUGNXa3A5RXln?oc=5,"Fri, 07 Aug 2026 00:09:12 GMT",2026-08-09T20:50:34.588709,en,"Pengundi muda PN tak sedar PAS Bersatu berbalah, kata Ilham Centre - Free Malaysia Today",False,False,False
GoogleNews-Free Malaysia Today,independent_left,Gerakan eyes 4 seats in Negeri Sembilan - Free Malaysia Today,,https://news.google.com/rss/articles/CBMiogFBVV95cUxNc2trSWZTM3pja2Z2MWRhNnBqcEJRakxBZDExNV9yQUJTbERHb1JDbmZtZ2VPZTc1UGZVdHlCbkRsYW5faXVTcDhid1pRaGRxMnM4THQwM0tKT2J4Y0hKa2RkMHJxY2RjYUpjbmRvU0VxSllOSWZTNXFjblFEbFl1SE5MSWswTWpSN19tZjgxdi1kSWpUb0hxY2EtaFR4NkJqcEE?oc=5,"Fri, 03 Jul 2026 07:00:00 GMT",2026-08-09T20:50:35.919109,en,Gerakan eyes 4 seats in Negeri Sembilan - Free Malaysia Today,False,True,False
GoogleNews-Malay Mail,centrist,"BN leaves 11 Negeri Sembilan state seats open, as Tok Mat cites talks with ‘trusted friend’ - Malay Mail",,https://news.google.com/rss/articles/CBMi3wFBVV95cUxPTFdFc3B3TjlvTG0xY2htcnhFMmRveU5VVFkwRVVwSjduVl9WNVdDd0ttMHlzUXlfTEVxLVduUnZ0TXZVb3BZNV9MZjh1WDBCRTM2MnhCVElPWS1CWmtKY0h5ekRaYXV1d3E0cHQ4UkNVXzNhT1VCN2MyTWV3OV9FU0xidW5MNU5LYVE0MUVNSERhSl9kRDZ1a0cyWHRjbkI4SWROdUlRSUtRX3RzV3B5eVI1OTE0d2o2TVRWWGJNMkVJLWx0YUVaLTlWOTAxVTkyd0VKMFhJM1J0UU9ZSGg00gHkAUFVX3lxTE4zYlRBU0t0SWtJNS02UU80N25tOC1OTnNoY2lyaEVqdXFQQlZSWkdUd25FZ01hUFF4UDRGUW01WlNnd2JvMTh4cFJpMEVrUlFWZ2JUR1Exc0lQZ0RvOFRuVXExUFhOb1hzb21henRIN3ZFaEtaNVgyVFhwVGtxS0ZwVVU2WmFMYk8xdktxelo5ejlBS1ZTTXdrNGhZclpBOXM2VlQ2cGc2d0hLLUNPSXFUclQzUVM2V0FEWnNGSFU0N09ZZmxHU2FnZEQ3V2NIQkIwaTM4WUxGVXh4ekVCUGlhZWo0Qw?oc=5,"Thu, 16 Jul 2026 07:00:00 GMT",2026-08-09T20:50:35.919109,en,"BN leaves 11 Negeri Sembilan state seats open, as Tok Mat cites talks with ‘trusted friend’ - Malay Mail",False,True,False
GoogleNews-The Business Times,unknown,Negeri Sembilan’s record investment pipeline faces execution test at Aug 1 poll - The Business Times,,https://news.google.com/rss/articles/CBMixwFBVV95cUxOTnFHRlNVb21RdWtWaHcwRjJ4TWFEb0gwc3VibmF6VU5FRDhvcG9aUEs0WEpwbThSdWZoaVFsbDVDV1VYektSTjJrY1pOLWhpM2Z0WGZtUVo5ZUo1Rm1DVXhfMVJwUnZsMFZQTHpHUlh2SlloZ2llWEFZY2dIa3lFcTF0OHhoZlVUNldONkgxX2tTZ0FRSXh4OGdDVk4tT28wYnliZXhmSlktZDlteDB3QTV4UjdqZmtxS19URWhubjlwVGpKeFc0?oc=5,"Tue, 28 Jul 2026 07:00:00 GMT",2026-08-09T20:50:35.919109,en,Negeri Sembilan’s record investment pipeline faces execution test at Aug 1 poll - The Business Times,False,True,False
GoogleNews-TRP | The Rakyat Post,unknown,"The Night Before Negeri Sembilan Voted, BN Was Already Open To Its Next Deal With PN - TRP | The Rakyat Post",,https://news.google.com/rss/articles/CBMi1gFBVV95cUxPeWktRjhUcG96ZTBWOUdLaXpCVjBjTkZkMkdNZzNwSElEQVRTQlBBR3NxOW55SHREcHlwVEVCVTh5R3pwYXNyN0tRWjdFckxEM3FYZlNuNmd6X0Z5dU5tcHNCVGRyNmtMQ01fOE8zVjlXNzZ6YnJ3ZGVuajdMWW9QbjZMMS1Ea0xQVDl2X0RRNzdlX2tOemFPX0ZmdFVKQU93THBHcVptV0N3Y2NjSHg2Sk9MaC1KMDJYUGJwZkIxN1BOWUs0YUlDYjl0VnNlMHBBM18yazVB?oc=5,"Fri, 31 Jul 2026 07:00:00 GMT",2026-08-09T20:50:35.919109,en,"The Night Before Negeri Sembilan Voted, BN Was Already Open To Its Next Deal With PN - TRP | The Rakyat Post",False,True,False
GoogleNews-Sinar Daily,mainstream_malay,"BN to finalise Johor, Negeri Sembilan seat allocations next week - Sinar Daily",,https://news.google.com/rss/articles/CBMiuwFBVV95cUxQUlY2dUQ2VlQ0cjMwckxoWERSSjZRbG5PNG8tWTJTelVfZTNIV1Yzd1RPcHRBU0tDcEZTbEpFM0hGdU5ZUW5URXVhZFZhWERjVnJsS3NMQzJqcVZ2OVlEQUwwV2JOSlJDRHMzUFFiRmdCQ2FVeXpydFpvMnROcDluXzJlYXp5Y1dYY0tOVDQteUE5MV92WXYtd1lkQWhMTkpicDI3MTJTVGRtWFQ1bzVhZTJRTXg2SEtjaG1n?oc=5,"Sat, 11 Jul 2026 07:00:00 GMT",2026-08-09T20:50:35.919109,en,"BN to finalise Johor, Negeri Sembilan seat allocations next week - Sinar Daily",True,True,False
GoogleNews-Malay Mail,centrist,"Bersatu won’t back down from PAS clashes in Negeri Sembilan if Perikatan seat talks fail, says Muhyiddin - Malay Mail",,https://news.google.com/rss/articles/CBMi8gFBVV95cUxOMXJweU9saWE2a1VIb1NPMExLRmMyRXZMR3FMWk9kcHhQa3JJS0lKWDQ2U01GZ3pneTczcGk2RVNHdTFTZ3UzVndVT2VGZDNuck9JWm5tREl1YXM3Y2JmRXlBQmdBOXp4aEt0TnBaM0pwLXp4SVN0eUV2eHpxbENMSUt3cEJNZV9oNWI4N0NuYVZ4cXZvQlh2Tl9KR1ZZVW9BZl9vTXZ6OTFFTFZZSWVsbUotQnYzcjhiRlNOaTU1MFJ1UnNsQWVPQjlEdWktWF80dVE5VkFHb19CLXNFYlBOam84TUNiRUs5M25NVmpYeTlXQdIB9wFBVV95cUxNazlpZFVLSVV6YktmRk9nZXdYdXZoYWtEbmx6Ull6T3prZk1pVEd5bzdpOHpib1JPS2prWGVGVDhWVllKZVVjSVJxT20xM1hBakZ5MlpJX3VSWFVIa1hMRTRtQnJPMF92YTRJeDB2VjI2Y0xlaDgtVDZHbEJfbHp4Z2FDTW9kYWFmbmZpcmVSVUxOMUpwZmlJS2ltZDh1ZmZWbWFlejZ2ek9xT05pWGUtaEdTUFNtQjl5MUdDZF9FRlFjU0M1YTd2MWRNb2JzeGUtc0lOY1JYZTZFOGdlWDhKNHNIWXZvdG9yMHZXN3pnWF91bm1DWTlB?oc=5,"Thu, 16 Jul 2026 07:00:00 GMT",2026-08-09T20:50:35.919109,en,"Bersatu won’t back down from PAS clashes in Negeri Sembilan if Perikatan seat talks fail, says Muhyiddin - Malay Mail",False,True,False
GoogleNews-Free Malaysia Today,independent_left,Wawasan eyeing fewer than 10 seats in Negeri Sembilan polls - Free Malaysia Today,,https://news.google.com/rss/articles/CBMivAFBVV95cUxNanRHSW5sdElwNHBmYTRKUVU1OUpwSm9hcjBhNUpBZlMwUDR2cjFLTHRsVWtfYVFHQzdkTkNpQVc1dlp0eFZ4dW9TZUZGai1LSnRzQnl1T3hObDRCdzRvOUVwejAxTnVpYUhGNndQTWU0NXpzZ0VpNTdadGxwZ1hkTEpFUnZUeVpTQlE4cjRDbXF2RDc3ajJUQndFMXpXd3hVdEQwMkh3Y1FhRmgwQVZteXFoVzh2NUxjNS1PZw?oc=5,"Thu, 16 Jul 2026 07:00:00 GMT",2026-08-09T20:50:35.919109,en,Wawasan eyeing fewer than 10 seats in Negeri Sembilan polls - Free Malaysia Today,False,True,False
GoogleNews-Malay Mail,centrist,Negeri Sembilan faces prospect of greater influence under Hadi rather than immediate PAS takeover — Phar Kim Beng - Malay Mail,,https://news.google.com/rss/articles/CBMihgJBVV95cUxQNXlicTZDcVVMd2NJYlUzYTNCVTRVTHlSSzlBV2lTUWxZWGoyclRhVVlQbFp6aVVEdS1KdEEtZVhkWXRDX25MOFBfbExTeGFaa0ZQYkNBVDdWM2Q5OXZob0JMN3lxb09vaktTODQtYWRRSWlfUGp5MDJEXzBiUlhxUmQzTW5lcTRQWEZnaEdWUU9Vc3IyeWNfRUdJdUl0aGdrM2VNSGlpN0ZPMUVmV2J4Sy1WRnkxVjZWeUJzdnVsUmhWVGJGczNma002bnlxVVF4Y3hraDB5dFF6b09vRllCWWZWdkVIMzQtRzNpelZKYjFsbDUteTZsbEh2alBRTU9VdzNWcTl30gGLAkFVX3lxTFBnSzVFV1V2MmRTRjl6c2RZMl9oSVZIdTBXVkF1Q2s2ZmZEUWtDYUZWS2otX213dmRVWU9KNEJyWGd3RS1lajNzNk1Iay1MazRHbEZhZmdBUjU3WGRUTjdkdjhiOXFrWTVwMWI5NUQzRWk3NlRwN0ZPNF8zQ0xBVlBsT1g0bHN0bVBxelFtYWxsaDNNUzdaaHRwWWMxSUxGR0MxbjBDa0JmQkJFamt3VHQyQjF5M3lSTVlLQlU4TUZQNlNwSVRBTk1Xdl8tYm1lZlpMOTZ4cG1WdHhReWh5ZGt3dmN1eHRZaHMxV1BjQVpyZU9TMURYNjB6VExJbFoyWFI0TEdTVVM1U2tQdw?oc=5,"Fri, 17 Jul 2026 07:00:00 GMT",2026-08-09T20:50:35.919109,en,Negeri Sembilan faces prospect of greater influence under Hadi rather than immediate PAS takeover — Phar Kim Beng - Malay Mail,False,True,False
GoogleNews-Free Malaysia Today,independent_left,"PH losing in Negeri Sembilan could affect unity govt’s survival, says Loke - Free Malaysia Today",,https://news.google.com/rss/articles/CBMizwFBVV95cUxQYXlQSFhVdjlqb1lrYzRuOEo3M3F2aVBLZ3lOeTdpQVVqSTN6YU1UbjVqNG5SVC0yeDBlc2RQU1ZsWkJwQ3dIN3NLbUlHMTZpRHp3cnZkQTB5cGZVUXJ6ck5kcnotWG5OZWF2US01SnlmcmRjRHhvaG5VTHV6ZDRhNENlT1UwN0ZWTUR0RmdCWkZkeXBYSVR3RmppX1RmZXd5R0tJZ21GTERTeEowcng4cFVDNFFHakxDeVc5VnR6SWZlT3Y1Rk1NcEtqZjZqWTQ?oc=5,"Wed, 29 Jul 2026 07:00:00 GMT",2026-08-09T20:50:35.919109,en,"PH losing in Negeri Sembilan could affect unity govt’s survival, says Loke - Free Malaysia Today",False,True,False
GoogleNews-Free Malaysia Today,independent_left,Umno warns against ‘third parties’ disrupting alliances - Free Malaysia Today,,https://news.google.com/rss/articles/CBMitAFBVV95cUxOTExQRlFYZDlqOHhONjF2aUFuQ0lrcjlWa3Vlc3F6VDk4YnNLbDJRRHRtdzhQU1otdkk1OS0yU1FRVHppNk5fOGticmg0U2VjaG1uM09iaEZCVXJ2THBGenBLYU5KcldyY3NWSmJiY3FJdVVwbkFMTUZYQkdQcXh4Mm9TaUh1MVB3X2l0RmJGUTVwWXNqenpteEkzekxXUG8wTGQwazAtZzJ0ekNSd2Q1WGtIcGo?oc=5,"Sat, 08 Aug 2026 08:20:00 GMT",2026-08-09T20:50:35.919109,en,Umno warns against ‘third parties’ disrupting alliances - Free Malaysia Today,False,False,False
GoogleNews-Free Malaysia Today,independent_left,"BN open to Melaka seat talks and swaps, says Zahid - Free Malaysia Today",,https://news.google.com/rss/articles/CBMirwFBVV95cUxPSFlmaHM1LWtxajlxMmZBMGV2Q1J2ZzEtS2p0SzljNkNhZU4xc3RzOEFrMWxrOTJEeUYzTGZ1d0pVSGk1Sl9xdFphVGtPaGhDZjR2Q3ZCOGlxb0YyS21JLXV1U2szTTlKRnM5cGxVMXd4dmJuTk91a0RoUmhJbDRHQVR2Vks4ZzNGWDFmN2lUVU9qeG5TeUxVVEdjSmNxUnVVTHpVc1lrTUE1em14YmVR?oc=5,"Sat, 08 Aug 2026 12:38:00 GMT",2026-08-09T20:50:35.919109,en,"BN open to Melaka seat talks and swaps, says Zahid - Free Malaysia Today",False,False,True
GoogleNews-Free Malaysia Today,independent_left,"State your stance on PAS-BN cooperation in Negeri Sembilan polls, Loke tells MCA, MIC - Free Malaysia Today",,https://news.google.com/rss/articles/CBMi3AFBVV95cUxQR1BPSkVDWjNYS19SUzRKRGVhN0JsZ1VEUFVBbWdiaXZZVkZKNURTcGsxN3Y0a0RVLWFkN19TN2lSVE9STG9ITzh0Q2N4MkdkY1Y4bFhZcUhHYlJQYVB1MGNFMXRsSjczcXRSckFlLUtYektVemFsdXZUZzl4cmNwZTZJQXM2UWZxZElrdzVZVlc4M0lQWVlHYnZYcG9jdmk1cF9kRlo0ZmpGRUZDTUxHSWJSZ1ptUXZBT1lDTGt1NERKcTFnQXRKQkpCS3VaLTZCbHZBVTF4dVd0T2x3?oc=5,"Mon, 13 Jul 2026 07:00:00 GMT",2026-08-09T20:50:35.919109,en,"State your stance on PAS-BN cooperation in Negeri Sembilan polls, Loke tells MCA, MIC - Free Malaysia Today",False,True,False
GoogleNews-Free Malaysia Today,independent_left,"Impossible for PN to fulfil Bersatu’s Negeri Sembilan demands, says Annuar - Free Malaysia Today",,https://news.google.com/rss/articles/CBMizgFBVV95cUxPa3B1cmdEa2ZNa0tQbDl0MUVaWW5XdldyTFJkUUV0c3djVC1fWWprTUZDX0VUbTQ2d1lJRk5yQlhKdzBUMGJoc3lWYVlQVnEyYVhXekV2Q2NndG5GTnZScFdpSzVOdTBRSHhZSl9OQXBWcmNpVzdVRWF0UzJGUjdvcDdyQTJDaEtkRVFsSkE0WFhkZzhST25UZEtjR0N3X3BwU0N1cjhXblIxVUZ2STFjZ1dVSVFLeEUwa1ZWSnR1SUNGVm1sbWJhQ1RlcEZNUQ?oc=5,"Thu, 16 Jul 2026 07:00:00 GMT",2026-08-09T20:50:35.919109,en,"Impossible for PN to fulfil Bersatu’s Negeri Sembilan demands, says Annuar - Free Malaysia Today",False,True,False
GoogleNews-Free Malaysia Today,independent_left,Muhyiddin fires back at Annuar over Bersatu PN exit claim - Free Malaysia Today,,https://news.google.com/rss/articles/CBMiugFBVV95cUxNams2dDhpUUtOUENkSjdQYTEtSFNicTBiWG85TkdvaDY0OWNfQjFFTmFnMzJFVnFXcVJwUnNRbDB1QW5MdGlqVUYwb2ItLV8xX2gyV1k5ZUpqTTg4bl9zeExfU0dSaGVKTW9LeVkwT29tU3JrZW53QnY3WXZVeTk5enMzVkFraTZUUVZmamxXbExWeGY4NGdIaEpjTEdhdDdyZ0tDMjVkNU5xWHRBMHlBbE1YRWtfeDZWcUE?oc=5,"Fri, 17 Jul 2026 07:00:00 GMT",2026-08-09T20:50:35.919109,en,Muhyiddin fires back at Annuar over Bersatu PN exit claim - Free Malaysia Today,False,False,False
GoogleNews-TRP | The Rakyat Post,unknown,What BN-PN Must Do In PAS-Led States To Keep The Alliance Intact - TRP | The Rakyat Post,,https://news.google.com/rss/articles/CBMisAFBVV95cUxPNFZQa1VHeTJTUmd4RnZaVHFqbTM4RDJiZzdQS05HOWFERzBNRlJRdDhNM0RpbnNuR3RqY3dxbXV1YTQ0MlJMek9PTlhJNWRkaWxtbTRvQTRBdl9BVmlrMXpBWGJGVnpub2RZc3pRaHZMRmVlSVhlR2lDT0NGUWcwS2ZLRzQ0SjRHLS0zd0xzSmRHTkJ3ZjJjN25iOXJqa2E5RGxXdy16d2w3RFNVRnkzOA?oc=5,"Wed, 05 Aug 2026 09:35:34 GMT",2026-08-09T20:50:35.919109,en,What BN-PN Must Do In PAS-Led States To Keep The Alliance Intact - TRP | The Rakyat Post,False,False,False
GoogleNews-Malay Mail,centrist,"PAS accepts Umno lead, declaring Malay‑Muslim leadership must drive Negeri Sembilan government - Malay Mail",,https://news.google.com/rss/articles/CBMi5AFBVV95cUxQNHdMRUhXRTBnS3FCRzgtMzRBOFp1S3JZaF9JMXZGQU9vUDV0c1E3bko1THNPUHhpNWZMejlJb0VBY2oxUEJmam9RV0paU3NOcjUxZ1BUaDVjbk9vbDl4T3hPbmdIOGtSdEZDelExeHFOVTRFWThIQ0VLb0V6SjRETXc3UGlIMlF4M3htM2tvbFVKQXRtU05MS1Q1UG1lSVFhcHR2WGN1QWNNWmV3MS1qZ2JQTWppVUlFSkx2TkNLOFVXUlVxNzdhazFlN2VWN3Q1ZXRhWElNSU55OElzdDE4RFNDcUnSAeoBQVVfeXFMUERfSzZVMkxoclNhZThoY3RueTVPdjN5NzF5dEFTdndDSGJtTHZUa2liSC0yQTJucFBteFYwYmhqbDlKcHpiZHcyZExpMkN4b2ZuWUprTTFqSTluSUVTV250WE94aTgxNW81bTZaNjRJc2Q5MDM1Y0JCb3UtNGlKbENrX1ZqOHdyeGgxSmdnVGdiLWp2bW9UcXdrTGQtNzJDdmx3OXRMaTFVWHppaElDZkpzUXlOdjk4MENfQ3hxaUVJQldzQzExMWJMQ0NzeUhNbHpHOE5SSy1YeFFlOVpwcDlOUU0zZnA1d3hR?oc=5,"Mon, 13 Jul 2026 07:00:00 GMT",2026-08-09T20:50:35.919109,en,"PAS accepts Umno lead, declaring Malay‑Muslim leadership must drive Negeri Sembilan government - Malay Mail",False,True,False
GoogleNews-The Edge Malaysia,business_neutral,"Bersatu to use own logo in Negeri Sembilan polls, says Muhyiddin - The Edge Malaysia",,https://news.google.com/rss/articles/CBMiUEFVX3lxTE00VVBnRkpmRl8yQzUwT01CUGp6dmx6bmpydUZ4QTZsTTB4NHRMNjhUbDNaVjlPRVFwZGZFWE0yZFpwbFUyR2hZcWZZdTF4MlZq?oc=5,"Thu, 16 Jul 2026 07:00:00 GMT",2026-08-09T20:50:35.919109,en,"Bersatu to use own logo in Negeri Sembilan polls, says Muhyiddin - The Edge Malaysia",False,True,False
GoogleNews-The Vibes,unknown,Bersatu's decision to use own logo signals voluntary split from PN in NS polls - Annuar Musa | Malaysia - The Vibes,,https://news.google.com/rss/articles/CBMi0AFBVV95cUxQLVB1UUhBVEhQTXBLdFRJb3M5dERMQTBGdnlVLWFqUHBSanh5a2ZBNTV0V0lsQVNmdlFBNFF1a0FFd3VPbGtHWnRhQzZaMmxvR2RhRDRJX0pUYnYxMUhyMEdCYVlZS0huR0I0S2tMdEZsdTQwX1pBejlGb3dkWml2OHZGMGJXV05hTldsaXBhcGJya1ZoN0pGN1RPQnh5N1NJZU0xeXhqOFhHQ0JTc3BRZWZ6OFI1UnRvbGFvd1duSGxNMU9PNWJaN2pxcUJWRjVD?oc=5,"Thu, 16 Jul 2026 07:00:00 GMT",2026-08-09T20:50:35.919109,en,Bersatu's decision to use own logo signals voluntary split from PN in NS polls - Annuar Musa | Malaysia - The Vibes,False,False,False
GoogleNews-Free Malaysia Today,independent_left,Hamzah calls for give-and-take in Melaka seat talks - Free Malaysia Today,,https://news.google.com/rss/articles/CBMisgFBVV95cUxNZHhBc01tRHRfYXZucl9CLXh2dzB6aGYzaVZiZjhjTWtNRlZXRUxwMm1qYkJuM09pYUFQT0NNaXUxR3FseUlWQmNIcG9yUVpYV0ZPcTd5cGh0Y0JFVFd6M0JEeEs0R1lrUmNjaThrWS1WQnJmSWExaVp5a1g3dWtLbW9mWlZQZTJaOTJXODgyRkNrbVdkM2p4em5fYmNxbUJaeVZ1N00zNWZpeS00a0FwT3d3?oc=5,"Sat, 08 Aug 2026 05:49:32 GMT",2026-08-09T20:50:35.919109,en,Hamzah calls for give-and-take in Melaka seat talks - Free Malaysia Today,False,False,True
GoogleNews-Focus Malaysia,unknown,Can BN and PN strike a deal before the ‘blue wave’ crashes? - Focus Malaysia,,https://news.google.com/rss/articles/CBMiigFBVV95cUxQeHJwajFKWTVFRkRKNWVVUG5hZEdjSVE3RkllSFlQMFhGWTFXOUVQTndlY2FNaFFobjFwajRzSURZY2pId3RPU2x2SGNfTjIzQmNULVc5U2J5MzM1TzhzTk54OWwyRXRJWmY4a2JCZHhNcmdoR3NxVjVaYjZENk9JVFlQNnRSRllyUlE?oc=5,"Sat, 08 Aug 2026 03:17:13 GMT",2026-08-09T20:50:35.919109,en,Can BN and PN strike a deal before the ‘blue wave’ crashes? - Focus Malaysia,False,False,False
GoogleNews-Sinar Daily,mainstream_malay,Pas-BN in Negeri Sembilan: Strategic alliance or political manoeuvre? - Sinar Daily,,https://news.google.com/rss/articles/CBMiwAFBVV95cUxOOEFPazdocmlIZFlSODlxSEhkYnI3cDB2eC1USzhzWkQyUXVkSzMzeGJ4Ukt3SnhZLUM3blZCaUNIdGJ3anBkeE5hRFRXeGtIZUJUT2RGQ2RDc2gwTE1aSUQ5MlJyWlFtYXBMUmh5NGtsU3I2RkROZU44VFl2cjg0MUp5LWI5RDIzaWgxc0kzV3VoNWtRalZ6a2FXOXhfaU4xdC1TQXFHYTFzbnJpamVRbG8xdXpoOVpETUx2VklYcFo?oc=5,"Tue, 14 Jul 2026 07:00:00 GMT",2026-08-09T20:50:35.919109,en,Pas-BN in Negeri Sembilan: Strategic alliance or political manoeuvre? - Sinar Daily,False,True,False
GoogleNews-Free Malaysia Today,independent_left,"BN keeping solo option open in Melaka, says analyst - Free Malaysia Today",,https://news.google.com/rss/articles/CBMisAFBVV95cUxPX29yTnlIZm5EY0pmZ216N1pWeGxzNFJLV3ZuSHo3VE5yOUp4OGs3a2JqbXNmUk9fRTZZQ2ctSGo0d0VSTnljOGd0QTNXbmdLMGhfTWNfTS13SXBvcVd2MFhIMEtkZ0l6dGZjUk5CTVFjWFJMNk4xdHJoUDl1YWZoLU83M1VHQVVPbWY1TE1taXJWQzVWZnJvcUNnQTA1XzFzdHBiUFA2X1BHb1lGdGp0Qw?oc=5,"Tue, 04 Aug 2026 02:00:00 GMT",2026-08-09T20:50:35.919109,en,"BN keeping solo option open in Melaka, says analyst - Free Malaysia Today",False,False,True
GoogleNews-Free Malaysia Today,independent_left,"I’m prepared to negotiate with any party for state polls, says Melaka CM - Free Malaysia Today",,https://news.google.com/rss/articles/CBMizAFBVV95cUxOdHR6RXNCT200M0tfX3NOeE5wSlZoYndFUFUxenppMnJRVHB4d1FoYjU3Mmc0LXVyZS1Zck5lTnJUUi1weng3N2RFX3Nnemp1WmQxb1BoV1pTcHowTmNXd01lOWQ4RUVzYnowaDNrSVowR2RNbWRjTUhtM2RRZnNlSHpOeVdUd1AxdGkyR2R3TUs0eWxMVGl6TS10bDBvMlhPck42TXZ0ZkNXLVZrOWZuM0RNcUV2SnlxVUc2NmFtNHp1UW1XbWdzNk9lLU8?oc=5,"Sun, 02 Aug 2026 06:46:00 GMT",2026-08-09T20:50:35.919109,en,"I’m prepared to negotiate with any party for state polls, says Melaka CM - Free Malaysia Today",False,False,True
GoogleNews-Free Malaysia Today,independent_left,"Talks with BN on Melaka seats ongoing, says Hadi - Free Malaysia Today",,https://news.google.com/rss/articles/CBMiyAFBVV95cUxQTXM3V19lWVo4QThKbmpiQlc3N3JBVFZ5Z3RrYU5YZF8yeEFxa1dmd1pfOFQxMXhXSFppNmJCNzZJb3NYbUF3WHBSanNUUlktTkhGaXcyWWtRdDNmUENhYXRLTmFLRlRsY0VNUDEzSTVEMXhGZFZJWDdINWZNZ1ZmTnJqdWxCRllyMlluck03TG04aUhLUnN6c1oyZmpJRTVYeUJTMzMxVmZQWnJfTTM2OFdzTDFTOHRfNEVCbVM3b2dibERCa2Y2bQ?oc=5,"Fri, 07 Aug 2026 08:59:00 GMT",2026-08-09T20:50:35.919109,en,"Talks with BN on Melaka seats ongoing, says Hadi - Free Malaysia Today",False,False,True
GoogleNews-Free Malaysia Today,independent_left,"Melaka seat talks crucial for BN-PN pact, says analyst - Free Malaysia Today",,https://news.google.com/rss/articles/CBMitAFBVV95cUxOQzFIcFBPQVRqblBVVDF4Q3BTRUcwSEdvUFN5NEt0NmU4dUlWeURnQ21YazZSUFhHVGRUaWtER3JGbXVpWjdtcmgyT0VrQ2RMUU53Y0tUNnhIaGlSajdSTVUyOGVSUGFSYW9sb2NSMk9BRVM1MzhWU3QyVGpJUi1CSTFfVGl6ZVZFV0JUTmhDSzlSbEliZERPU0FDeW1pX3VIS196aXBNN1NGMkpZU1NEZmtoYUo?oc=5,"Sun, 09 Aug 2026 00:30:00 GMT",2026-08-09T20:50:35.919109,en,"Melaka seat talks crucial for BN-PN pact, says analyst - Free Malaysia Today",False,False,True
GoogleNews-Free Malaysia Today,independent_left,"PAS acting like bullies towards Bersatu, says Muhyiddin’s ex-aide - Free Malaysia Today",,https://news.google.com/rss/articles/CBMiwgFBVV95cUxPbkQ3aDlxLVZzM1BnakpKaFJGQ1FKTnRKZnY2OXk3VmwyalFJU2ZkeGpvSFpJR25mdHRHbnhhUlB2SlVxY0M5V1c2VnBkeG9xRFVYaER1a3cwajdDb3N0M3pEQ0ZMbC0xT2dOajBUenFxejNJNXB2M0ZvQnRhMzk5alRZZVJ5dE1SN3ZqSW0weUpoX3V2MmdLbzVQcnd1VmV5ZkpvYXZiaTJhSHYzVERaQW0xdEVCM05DTk8tUlVCV2RjQQ?oc=5,"Fri, 17 Jul 2026 07:00:00 GMT",2026-08-09T20:50:35.919109,en,"PAS acting like bullies towards Bersatu, says Muhyiddin’s ex-aide - Free Malaysia Today",False,False,False
GoogleNews-scoop.my,unknown,Melaka set to test BN-PN alliance as analysts predict coalition can retain dominance - scoop.my,,https://news.google.com/rss/articles/CBMiugFBVV95cUxOVTE4TDVVNG9Ia0o4Q3U5M2oxbldlYVVBbG8xVmdCQlNTV0d5R0VLNXN5elgxV1poM3ZJb2puUlgwMkNxbWRQVTNZczV0enZRWExxY3FCbGlGY3hlTGZaRmp6dXlEX3UxX0hlaHk4alI4ZG1VRDdDdFV0bWxaMC1zaDhjYk5RR1kxd3VPZ3J5UTJYM2VCeUUzS3doQmFCOUI3R2tUTW43dk9ySW80eG83cGdOa1QwT2xwdFE?oc=5,"Fri, 07 Aug 2026 04:01:18 GMT",2026-08-09T20:50:35.919109,en,Melaka set to test BN-PN alliance as analysts predict coalition can retain dominance - scoop.my,False,False,True
GoogleNews-The Edge Malaysia,business_neutral,PH ready to face possible BN-PN cooperation in Negeri Sembilan polls — Loke - The Edge Malaysia,,https://news.google.com/rss/articles/CBMiUEFVX3lxTE1VaS1GdlNoTHM2ZEJrMUhpakhOY2dCSS12RWUzZ0lXdTlGV01rM3g1S1FMblhveW9nNmduRTBPb1Q3bXRYb3VXU3pwNmFIbmZO?oc=5,"Thu, 16 Jul 2026 07:00:00 GMT",2026-08-09T20:50:35.919109,en,PH ready to face possible BN-PN cooperation in Negeri Sembilan polls — Loke - The Edge Malaysia,False,True,False
GoogleNews-Free Malaysia Today,independent_left,PH in touch with BN on seat talks for Melaka polls - Free Malaysia Today,,https://news.google.com/rss/articles/CBMisAFBVV95cUxNRm9icEJ2R3NwNl9pWWtKbm1pbkJMMzR1RUw1SWJOYU1qMS1CeE96RkNVX01QZnJpRmZOemZqOTFwU0tXbG9RTFFacTBrTEdPWUF0aGFNaVRMa1F3RUpJYjdMczhMSVY0a0lUZDZ0UGtKRFBMMDUtdTRCenh1cWhTSnVaVC02Q1VwTmZ2OGpILVVDeHpnUlNHNG9meVpfMDlUekl6NkprZl9zNVhsallXZQ?oc=5,"Sun, 09 Aug 2026 04:45:00 GMT",2026-08-09T20:50:35.919109,en,PH in touch with BN on seat talks for Melaka polls - Free Malaysia Today,False,False,True
GoogleNews-Malay Mail,centrist,"Muhyiddin: Perikatan has shut Bersatu out, Umno alliance ‘not genuine Malay unity’ - Malay Mail",,https://news.google.com/rss/articles/CBMi0gFBVV95cUxPU1JZNGJNNlRHdWVFSHZZTXM4RHJnRV8xUjF1T3pybGRKQmJZZ1ItODJIZXNLVnJQMUZYMWlzNHR1TTZCRWRwVjd2WGVFM3ZRVVRVTXJRcUJiR1Vqa1ZxM0hvTEFqUHZCdlhJaC02cGhBUEpSRVdDM3ViSkJxNGxFR2xWcXl6Z0FGbnZGcVM2cGtETnFWUUUzdURlQjdyRENpNGVMUXc5N1JnazhTWkJZa2pSeEx0R0NCenM0OVdlRm1TVnk0Zlp5TWo3alVFa1AtbHfSAdcBQVVfeXFMTkR3SG5wTjdXVUxSWDAtWWJHWVlrN0Fzd2VvOGk1SVh2a0NLZWMzVEpLQlZ6VVY4R3UtZHlaMDQ2RDJlRU8tUDBuMWFrbFUyVXhfRXRRVl9fSHVKQ3JHMlZYaEhROTJ5QnFGZkdyZ2lsUmZuN2JTWEtrWXRSUHlyZmU1ckhMZU42U2dIR1NtQ3VrOXY4VzJfTW9la2h1SDRkclY5c0VRVER3ZWQ2NThjQ3F6X2E5OHRrSHh0ajNNZ1hENW5IejA0NDY1SVlqLVFPdWNpXzNTQVU?oc=5,"Fri, 17 Jul 2026 07:00:00 GMT",2026-08-09T20:50:35.919109,en,"Muhyiddin: Perikatan has shut Bersatu out, Umno alliance ‘not genuine Malay unity’ - Malay Mail",False,False,False
GoogleNews-Free Malaysia Today,independent_left,"PN’s young voters unaware of PAS-Bersatu feud, says think tank - Free Malaysia Today",,https://news.google.com/rss/articles/CBMivwFBVV95cUxQajBvVlNEaU9sNFZYR3JKcDE0Q2EwWnB0bEdBNEJEbGxtMVVzV3FlclJBdDBQd2RIM2tYQnhONS02X0o4TUpYcVVoQnpxbXJMeDdheTl5LXhhd3ZyVWRMMnAwQnZoR3ZURkRIanJpNllPS3d6aEFHelduYnI4dzZsVnRVeHI1ek5NNkJ3eWdIX25ZYkxfeUhONjB2TGVZU05MUDYxbzVxNlEyU3lsUlJ2c1kzSExjVEEtOWswMDJrMA?oc=5,"Thu, 06 Aug 2026 14:30:00 GMT",2026-08-09T20:50:35.919109,en,"PN’s young voters unaware of PAS-Bersatu feud, says think tank - Free Malaysia Today",False,False,False
GoogleNews-Sinar Daily,mainstream_malay,Is there room left for PN if BN defends all 21 Melaka seats? - Sinar Daily,,https://news.google.com/rss/articles/CBMiVkFVX3lxTE81YXY0Y3BjR2ZzRkxPWEt3UlF5bUNaVjNrOEVySzJGNVRLZjdpck1tN216RUVOaTdpM3d5eTVuRk5xNy1USEhfVlhtdEZyeWJtanhvU21R?oc=5,"Fri, 07 Aug 2026 02:56:00 GMT",2026-08-09T20:50:35.919109,en,Is there room left for PN if BN defends all 21 Melaka seats? - Sinar Daily,False,False,True
GoogleNews-Free Malaysia Today,independent_left,"Felda seats could force Umno-PAS talks, says Puad - Free Malaysia Today",,https://news.google.com/rss/articles/CBMirgFBVV95cUxPYzEyTk9YMUZYUGI2SURBbWRoVGNOUUNIWGFjWHhHUlJoYzRKbEd1d3pTeGdTcVJzdS11S00tU1J4R1JmZEdqWUVUUE9Vdk1HZFY3TjlMbHpDcFZfaFdLNzRFaGVmQ1dxclhXNGhOZzJvdGw4SzI4M0pncEVKV0N3SlphWTB0VkRycG1yN3U3dXlqMk0wRVZaNW01clFIdzJjZjE0VnZWeHp0cW9kRGc?oc=5,"Wed, 15 Jul 2026 07:00:00 GMT",2026-08-09T20:50:35.919109,en,"Felda seats could force Umno-PAS talks, says Puad - Free Malaysia Today",False,False,False
GoogleNews-BusinessToday Malaysia,unknown,Tun Faisal Blames BN-PN Seat Breakdown For Three-Cornered Sikamat Fight - BusinessToday Malaysia,,https://news.google.com/rss/articles/CBMitwFBVV95cUxNUll0V2VZeGlMcUNmSmFqMzF2QXNBNm1UNHoyRGhtWWJNak1IdnA3ZkswU29UZlZVU3VhMzAxUTB4RV9YN0ZjcDgyaEFocDhucC1BcWpKWVdRSDg4VjlXUEV5MWE5X3VqdGtEUnhFQ3FTR0ZUQnVpN295UjdibllKUGg5WFcxU0RwRWFkcTl4TTgyZlZ1REhJcEtQeGtQTzAwSVBNYmpVUnhTamREV29PSjBuZTJKTjQ?oc=5,"Fri, 31 Jul 2026 07:00:00 GMT",2026-08-09T20:50:35.919109,en,Tun Faisal Blames BN-PN Seat Breakdown For Three-Cornered Sikamat Fight - BusinessToday Malaysia,False,False,False
GoogleNews-Free Malaysia Today,independent_left,"Where’s BN-PN’s ‘Malay unity’ rhetoric for Melaka, mocks Puad - Free Malaysia Today",,https://news.google.com/rss/articles/CBMivAFBVV95cUxQemx0U1V4STN4OFo0bVBfZGk5eGpueFdpRWI5d09SOEo1N0NmVW9MOVdJd3ppVkt5WmpESV9FeWJUWmp0amlzNGlYVk9YUXJJMl9SRlVnazF4MXozdnQtamtzZzd4cjRJQ2ZVMmRMTHZSUnEtM1ppcHltSnY4SWg5eGhLdmlGUnJpXzFrTFpnbk9KSkdjbkw4cmxpSU1ZTXU0ZmJxU2xJRUVjWFJ2MHZQM3MwYkxCTkp1dHdqSA?oc=5,"Sat, 08 Aug 2026 06:00:00 GMT",2026-08-09T20:50:35.919109,en,"Where’s BN-PN’s ‘Malay unity’ rhetoric for Melaka, mocks Puad - Free Malaysia Today",False,False,True
GoogleNews-Newswav,unknown,Melaka BN opens door to 'BN Plus' talks after Negeri Sembilan poll success - Newswav,,https://news.google.com/rss/articles/CBMiswFBVV95cUxQWWhxR1dTTGFzWlRobnR1Z2FwZTBsT0RCdnNfbXBtUzl4UE9GWFRnb1N3SFN2Njc0aE9KT21UVXpjQ3ZOdDlkZjJZODAyd3BvZ2tLZWdqTy1ScXRMOTJMNXJ3eVNVNi01S29pODA0UjF1VTJrM2huNG9YQ29JSFk2TS01bWxid3VhXzhoWGtlcXB0UkpZa3RzR1g0aXhTV3pfLWtFNFBWMEo5ZVVKdGV1SVc4TQ?oc=5,"Sun, 02 Aug 2026 09:24:00 GMT",2026-08-09T20:50:35.919109,en,Melaka BN opens door to 'BN Plus' talks after Negeri Sembilan poll success - Newswav,False,True,True
GoogleNews-Newswav,unknown,"After Negeri Sembilan success, BN Melaka opens door to wider cooperation ahead of state polls - Newswav",,https://news.google.com/rss/articles/CBMitwFBVV95cUxOTTVjOUFlVlRYUmI2MWJETDZRRFhRc2YzWXR3REp2cGo3alB0TWh2ZXdHY3dwc0cta2hxRVhFZUpSLXNCWjlHS042eWEtWjhWWnctcGpaRm9ybXA0UHV5ZWhOaXJ1OVVwRXN1bHJsMVpwSXM3N1NncUlFSWRqWjZYSUV3Y0xMUlRYRDBSbUNOYm9TNUFXenNFWUc3WXcyRnctQWJIVGg0WHF4ZEsxSmNmaFBDaTJNS28?oc=5,"Sun, 02 Aug 2026 06:04:57 GMT",2026-08-09T20:50:35.919109,en,"After Negeri Sembilan success, BN Melaka opens door to wider cooperation ahead of state polls - Newswav",False,True,True
GoogleNews-Newswav,unknown,Open to negotiations: Melaka MB says willing to discuss cooperation with any party for the coming state polls - Newswav,,https://news.google.com/rss/articles/CBMitwFBVV95cUxPcHNvUWtfYUg1QWppN0M0VmdsaFRSSG01dXUxTjZvUkxTeGFidXdLdDU0MXNHb09rVk1UR0dqVlpHOUV5ZWpZRmRfQWJVV2prYkVOOUlLdnFYM0xxZG5sTWN5bjVHRXBEclM2cl9uRENMZXo0RFk1MV85ZHdvc213dHE0dDNIUUxrMW8wSkllYjNFdGFSVjZiQzNSUUNELTdKYUE1cm0yRmlCSjNJRWZzRWR3Z19VQ2s?oc=5,"Sun, 02 Aug 2026 07:16:44 GMT",2026-08-09T20:50:35.919109,en,Open to negotiations: Melaka MB says willing to discuss cooperation with any party for the coming state polls - Newswav,False,False,True
GoogleNews-Newswav,unknown,"Pakatan hails BN openness, Fahmi says Melaka seat talks offer chance for stability - Newswav",,https://news.google.com/rss/articles/CBMitwFBVV95cUxQWG81Y1pnSUV6TlNTcFNQVzViZ1RaMHVIMUFNaklkcWpzSE1RTkpneS1LVC1NdjNqWndJMHRHTW02bTV6ZjIyTnNZQ2ZjY0FNZU5DSVo0a0FrN2dnNTFDdEZ6eU14aG9yMDRUVHB2TjBHSHV6a0xTaUJvM0pnUHpGeWxUU2gteHRaMzRIWC16VFF4QThfR3kyVDNtUkY0bzBuNDNMbjg2a3RIQ1JIMHM3cWNfTzFaTHM?oc=5,"Sun, 09 Aug 2026 04:18:04 GMT",2026-08-09T20:50:35.919109,en,"Pakatan hails BN openness, Fahmi says Melaka seat talks offer chance for stability - Newswav",False,False,True
GoogleNews-South China Morning Post,unknown,Can Malaysia’s PAS deliver the votes in Negeri Sembilan despite Johor wipeout? - South China Morning Post,,https://news.google.com/rss/articles/CBMiwwFBVV95cUxObUs2SWhmTXAzR3ZzdTFkV3lTLWdLZkxocFB1dVh6X0ZYM0VOdDJJbmpMX1Bxc1M1RzFBT3B4WHNxTGdUNmxodEZrOTNlVzZ4THVTcG1yaHMyZXljeXNiWm1mdE45eU9KbC1mWkFQMkctVF9tLTNNR2hlN0N3WUpzckRTbU5QOUlYNmJJX1VJWEkzR0hScWFiNXh6bjJ3Tm0ySjgyZjhINkNkRXFUTnVCOVphT1hEUjYwLVFnOXdVOGRBMm_SAcMBQVVfeXFMTTVGSTk3YnRZUnYteTZ1em1iVHJaRlQ4QnJXaWw5MGk1Ukd5VExINjdDSzlUaWtqUjF3WkNqSGFFc2h0VGduendYUXRpbUtzZ2hzTFBDcDVjQVp0ZDZBMGgxZHlfX0xyMy03b0kyQ012b1JWVXRJMWF2eDFkMkRnSHlaNnJXWnBvT1lWUEFmMGJraVpsTjhsTWE0bFM5dFdsOV9mb1piRXpaQTNLSDRpNU9HbUlkMmNNTnlrLThpVC1uLU1j?oc=5,"Thu, 16 Jul 2026 07:00:00 GMT",2026-08-09T20:50:37.339606,en,Can Malaysia’s PAS deliver the votes in Negeri Sembilan despite Johor wipeout? - South China Morning Post,True,True,False
GoogleNews-Malaysiakini,independent_left,"N Sembilan polls: PAS in talks with Umno, can Johor results be replicated? - Malaysiakini",,https://news.google.com/rss/articles/CBMiUkFVX3lxTE5sYVBwMkVFYkZyaUNFcEM1YWNaZzlrTnpCQjhwSXFiZUMyUlFITWlaMG80Nlg0UWtPbWdDbTE2SklRM1Q0ZEgzNVROMUdUd1k2RlE?oc=5,"Mon, 13 Jul 2026 07:00:00 GMT",2026-08-09T20:50:37.339606,en,"N Sembilan polls: PAS in talks with Umno, can Johor results be replicated? - Malaysiakini",True,False,False
GoogleNews-Sinar Daily,mainstream_malay,Is Bersatu running out of reasons to exist? - Sinar Daily,,https://news.google.com/rss/articles/CBMipgFBVV95cUxQLVlHbDcwRFkwcGhqRVVPYjZpcUY0OGZwUkhIVWdGWXd4OUFGR1BxSDJYeUZsMlByMkRHNFU1NVFLOVVfa0tEd25vWi1MRlR4ZFJONzlJYTluNzBLY2xBZG1IX0pSMThEYkN5Wm1YcWIwX3hkTHdMMDlQbnZJcl8yN3dVcEduaDhNaGVTMVVUU1ZlMjk1MnhGc2QwZ21pdkdUc1pRNmRB?oc=5,"Sun, 02 Aug 2026 23:00:00 GMT",2026-08-09T20:50:37.339606,en,Is Bersatu running out of reasons to exist? - Sinar Daily,False,False,False
GoogleNews-Malaysiakini,independent_left,BN-PN pact? Zahid mum on Umno seats in N Sembilan; Bersatu left hanging by PAS - Malaysiakini,,https://news.google.com/rss/articles/CBMiUkFVX3lxTE96Q1Z4a2xsTTFqb081bEFrbmk1ZndwdXZpR2dRNFlNQ1JuZXBVbEppVE9XeHQzQ0dlbG5ZRktmTk5aV2VaLUxmOWVRVzE1QTdyamc?oc=5,"Wed, 15 Jul 2026 07:00:00 GMT",2026-08-09T20:50:37.339606,en,BN-PN pact? Zahid mum on Umno seats in N Sembilan; Bersatu left hanging by PAS - Malaysiakini,False,False,False
GoogleNews-The Edge Malaysia,business_neutral,Key seats to watch as ‘frenemies’ battle for control - The Edge Malaysia,,https://news.google.com/rss/articles/CBMiUEFVX3lxTFAzRTk2R2Y4cVNIeHhZXzV3eEJZZk5OUEpKSWY2OHBNcHdGMXpuTVRDemNzeWRZcmpEOE55NFRTZ1NPR3MyT0JBOVo2Zm1vYkRM?oc=5,"Tue, 28 Jul 2026 07:00:00 GMT",2026-08-09T20:50:37.339606,en,Key seats to watch as ‘frenemies’ battle for control - The Edge Malaysia,False,False,False
GoogleNews-Free Malaysia Today,independent_left,"PAS forced to work with Umno to unite the Malays, says Hadi - Free Malaysia Today",,https://news.google.com/rss/articles/CBMiuwFBVV95cUxOZDZEbkliZFd5dEZ6MlRGejlJUmhPbHlReHNwQzVWaXo1ZUNpd0oyY2dsOWUya2VLMmg5aF93MGd2Zjl5VzRiUERFTUw0RUVQSXZDdkUzVFJpd05QcGR3NmgzaTVEOGhqRHZjcXo3ZFJmdW90ZkZMbzhNOV9tZldTWW5aSVVlVUREUEZVM2xob0hoMVlmeU95M0pWZFFiLTdJNEhWeTRkTlNQT0hFNVBHZmVhamxldWdVemtr?oc=5,"Tue, 21 Jul 2026 07:00:00 GMT",2026-08-09T20:50:37.339606,en,"PAS forced to work with Umno to unite the Malays, says Hadi - Free Malaysia Today",False,False,False
GoogleNews-Free Malaysia Today,independent_left,"Umno-PAS clash can be delayed, not avoided, says analyst - Free Malaysia Today",,https://news.google.com/rss/articles/CBMitgFBVV95cUxOMnEtcHR2N3loTDVmQ0V1V1ZoVTZvVmltVXExZzctVmdreE52YnNEcG5SckVSTjFRWm1EaG1GT05DbDdUMEFVeTk1ck0tVFVsSnhEanJkZ2FtTDBVWTBFRkFKQXFsaS1nVmt0M2hvd0xuYlZSSEZpaVdQUkhiNTRQTmpldFdOX3I1VzJpVjgydHpkTzI4Sm9fV2VfcU5qb2tSUTBENDVjR01DQUN6NHd4aVVOdEJ5UQ?oc=5,"Mon, 27 Jul 2026 07:00:00 GMT",2026-08-09T20:50:37.339606,en,"Umno-PAS clash can be delayed, not avoided, says analyst - Free Malaysia Today",False,False,False
GoogleNews-Free Malaysia Today,independent_left,Bersatu leader challenges Umno to pull support for Selangor govt - Free Malaysia Today,,https://news.google.com/rss/articles/CBMiwwFBVV95cUxOWXlvVG82U1pGN3Q5c21uRi1ZcDEyVFc2WHNIdm1ZaDNLYnRPbUp4LWNPRk9LRl9nM0JSNTlKR21Wc3J1UlF2NDhGTy1saGZRaXg5UzRWQzZVQnBQR094X2ZBdlRYbDBSRXZSdlM5MGR5bHVQVzZfd3l4a2FWb1pZOWlKeFZBbzU5Zi1yajFTR05GVkJkOGhrZmh0OUN1QWZGWF9fLW1nWUNDdnNlaEFpTzlQZV9Pdy1tYm9LX2VYNEZod0E?oc=5,"Wed, 29 Jul 2026 07:00:00 GMT",2026-08-09T20:50:37.339606,en,Bersatu leader challenges Umno to pull support for Selangor govt - Free Malaysia Today,False,False,False
GoogleNews-The Edge Malaysia,business_neutral,"Puad claims Zahid is ‘PM in waiting’, Umno-PAS share short-term goal - The Edge Malaysia",,https://news.google.com/rss/articles/CBMiUEFVX3lxTE95UTJ5VkdNZXN4d003SDlkUk13cmRYcWQ3ODBGbFo2VjlLUUlfUVQyTWs3NmxYZndiTk1oRjNZZmJURzFZd0VzLW9HZjRVa1NO?oc=5,"Thu, 16 Jul 2026 07:00:00 GMT",2026-08-09T20:50:37.339606,en,"Puad claims Zahid is ‘PM in waiting’, Umno-PAS share short-term goal - The Edge Malaysia",False,False,False
GoogleNews-Free Malaysia Today,independent_left,Hadi reveals why PN let Umno lead in Johor race - Free Malaysia Today,,https://news.google.com/rss/articles/CBMirAFBVV95cUxQTDhHR204WFBvc1p2WGlfY3o1UlB2aUZJYV95RHlNaWFBZHl3Mm5LTTNpMmtsV1VsTWh6V09Edm9mU2JNcXB3Q3dGZEJoV0dQZWctcndJV09HVE8zOXp0MGZqMDYxZkRqU1BJSXFzSGtJdzNQWUt0czZ1QTFpVEJWMmRPc3RZNllMQTFES1F0YzE1dHNHT0dTODZBdTdRVllvQzM0SjFSNDBfYkVi?oc=5,"Thu, 30 Jul 2026 07:00:00 GMT",2026-08-09T20:50:37.339606,en,Hadi reveals why PN let Umno lead in Johor race - Free Malaysia Today,True,False,False
GoogleNews-Free Malaysia Today,independent_left,Muhyiddin predicts Umno-PAS clash in northern states - Free Malaysia Today,,https://news.google.com/rss/articles/CBMiswFBVV95cUxNUEFTX2xFdnJDTkZERHNBbDF0eEZoN09lS0NNb0pUWTBHVWJhUGRwYWVyT0VGVVRLMGcwRzJTWjg1U3F1WjZSdGFLQkVhdGpvTnNrUUdCTjBQdVFIN2dKNUUtQnpLNXJjMDFHTTRqd2ZEZ0VWOFd5R1UxNDlhTkxhQk1McWdhNTltNDZmUkxtcTRNX1c3dV9jd1d2V2ZrVGdCcU41N2lGOU9rcndsTHhTbmJSYw?oc=5,"Sat, 25 Jul 2026 07:00:00 GMT",2026-08-09T20:50:37.339606,en,Muhyiddin predicts Umno-PAS clash in northern states - Free Malaysia Today,False,False,False
GoogleNews-CNA,unknown,Johor polls result raises stakes for Anwar in upcoming Negeri Sembilan election - CNA,,https://news.google.com/rss/articles/CBMinAFBVV95cUxOem1URVpSbWtjMWp3aWxWR2JWNENHN1RVZ3FmcVd1NFVOSlVhNkVSRzBER2JLMDdnd2xmelNDbHYtVjg1d3hPZU5EZC1kc0MzOHNIaEJlZDRGbmhvWDBEdEhEaFpjTC1xdTNxQ29ydnJoWEotZEdEbkdwNkhyMTNsTGhUQjNvTS1XZmFVTGxiQVdaZFc4OEJiS0s5MHA?oc=5,"Thu, 16 Jul 2026 07:00:00 GMT",2026-08-09T20:50:37.339606,en,Johor polls result raises stakes for Anwar in upcoming Negeri Sembilan election - CNA,True,True,False
GoogleNews-Free Malaysia Today,independent_left,"Bersatu here to stay, says Azmin - Free Malaysia Today",,https://news.google.com/rss/articles/CBMilwFBVV95cUxQUlRYNHdVOUFoLXo0aktLLTQ0NUhvNjNNcHJhS3ZWVXRNOUV0QWktQ1VOX3hQNzl2ZUlualRvc09LTkl6elpvS0J6cTZxX2FIa1ZtM2tmT21naFFMWlVjeGMycmowVnFEbjVsOWRNM2RwRkFEekg5ei1CTDA1RndXS0NqOWRzbm8wVmJfNEgza3czU2FNVzJB?oc=5,"Mon, 27 Jul 2026 07:00:00 GMT",2026-08-09T20:50:37.339606,en,"Bersatu here to stay, says Azmin - Free Malaysia Today",False,False,False
GoogleNews-Free Malaysia Today,independent_left,Khaled urges voters to ensure repeat of Bersatu’s Johor wipeout in NS - Free Malaysia Today,,https://news.google.com/rss/articles/CBMiyAFBVV95cUxQeWNjdk5fRmVwcGZmSHVkbndfMmZJQkdPTi1lSmw0MWlzYUp1NTRGRGluSUdTbXdOaUYyVTZuQzN3ZWlQa19fZ1FHREQtaFdlTmJQcUxUVVZDTXc2cjJ4aGlPcU5ZVDkxR3FPNjlvZDU3WnhRSDVobGNkNllIMXA1eS1KQU11NnhuTWhZenFaMnVIMnhkeWk3dG5UaE9ETEFTbHhxQU1iZHdjNUtNLVZyOGp6QzdDa3FwdFBGRFNEUU1XVTVoeEZiSw?oc=5,"Mon, 20 Jul 2026 07:00:00 GMT",2026-08-09T20:50:37.339606,en,Khaled urges voters to ensure repeat of Bersatu’s Johor wipeout in NS - Free Malaysia Today,True,False,False
GoogleNews-Free Malaysia Today,independent_left,"Sincerity, vision key to lasting PAS-Umno pact, says Tuan Ibrahim - Free Malaysia Today",,https://news.google.com/rss/articles/CBMiwgFBVV95cUxPLTQycllCYVBINEMxRUNHb2NlVjRzM1JUbjYtQllqN09kY29ielp2T1R4alIyZjR0cTJodUFDamJJcWdreXpaT0swU0xTalpKY1dmS2w5T1Zyam5KSlRuZWJYSzg1NXBhb0U1Qm1FOW9FZnVzZXVGeGJxQmtvNW5rT1N0clQ5ZjBhUTBRektBdGNDRW5OTnpnU2tOWmJMREdMN19VZ0RFMGoyTzZUdEZzM2thd0NXb0hJMC1TSFB4Zi1hZw?oc=5,"Sun, 26 Jul 2026 07:00:00 GMT",2026-08-09T20:50:37.339606,en,"Sincerity, vision key to lasting PAS-Umno pact, says Tuan Ibrahim - Free Malaysia Today",False,False,False
GoogleNews-Free Malaysia Today,independent_left,Muhyiddin slams Khaled for saying Bersatu ‘meddling’ in election - Free Malaysia Today,,https://news.google.com/rss/articles/CBMiwAFBVV95cUxPdGs3a2lpZHRmeGJKaHp4UE5IeTlDMGFhNmdXOWxSVzZWa3huczlvc2VYd0dpOHF6aHFDMm43bDc3Nm9hV2hkb0JxdGxXS0JjbzM3dTItS0FkcUpuV1Bmc2lFSDhVbXFaMDFtYUVxcDNTVW5jdmRKUjAybk5nTFIyZlRJQ3F1czJwcDFwM3pzZks5NDl6MzEyLS1qeEtBTC1rbG1XTXNtMlFyRkVQVnYtcThEbnRGVUFHQms5QnUxajg?oc=5,"Thu, 23 Jul 2026 07:00:00 GMT",2026-08-09T20:50:37.339606,en,Muhyiddin slams Khaled for saying Bersatu ‘meddling’ in election - Free Malaysia Today,False,False,False
GoogleNews-Free Malaysia Today,independent_left,Will PAS be as generous with seats in Melaka? - Free Malaysia Today,,https://news.google.com/rss/articles/CBMiqAFBVV95cUxNR2ZqODhMaUlic3dEY0VqcER2MFgwM0xadHRsYjctaDViRWdpZXBCNTNSNzRHdU4xUUZQSGpWbDNlX2pWZF9yZGZzeUYxeU1YT1ZodjJJNV83cEw0ZVpKRlVtWFl4RWdGQmVMU29ielI0Rkdva1VSbW5Ra2F3M2ZLOE8xYWhrNjBGYzJqMXNtNFltYnY4T2Z5RTBITFVOWjFZTWN3eFpQVmg?oc=5,"Tue, 04 Aug 2026 05:37:00 GMT",2026-08-09T20:50:37.339606,en,Will PAS be as generous with seats in Melaka? - Free Malaysia Today,False,False,True
GoogleNews-The Straits Times,unknown,Malaysia Edition: Anwar finally enters the fray in Negeri Sembilan - The Straits Times,,https://news.google.com/rss/articles/CBMiqAFBVV95cUxObGNxMnRWQ1Y1WGYzdWtnNzVDcVBqYVVteV9EeDE5Y3JKUzRXWFZrb04zVXpUY2hpOExCZGNmLWRfMVVCSWlEYUhQLXVzY3MzcktCa2lRNnJlYmNFOUgtMEMzRWNNYVl1bG9Sb0RqV2F2eXZfNHdJSmlqSVRpTXdkajVfdFBvbktsYml0OW5xMEppeG1pWGtlME92aVFhWDhCQWJZNURoOEY?oc=5,"Thu, 23 Jul 2026 07:00:00 GMT",2026-08-09T20:50:37.339606,en,Malaysia Edition: Anwar finally enters the fray in Negeri Sembilan - The Straits Times,False,True,False
GoogleNews-Free Malaysia Today,independent_left,"Umno, PAS youth wings hope alliance will extend to GE16 - Free Malaysia Today",,https://news.google.com/rss/articles/CBMitgFBVV95cUxOcFk3YzdwQThfNnVpS0pUSTd6MHB4N2tzelF6OTN6cXhvajVCN0Y0NVE1NXVsemRLT250X0ZNQk1paFhpZndUSUN1R0w4aVlfRmltRU82NzBxT2lyOWxNZDZhMlBXZThyRDdRaXVMZWFYT1hhX3pYUDRlTDlSTV9fSm5KMDFIQU1kellMcWZ4bGM1WDB6dVFNaHNuU3FhTDJHbmNXOW0zR2JUaUFUMGNzLTBGbzFWdw?oc=5,"Sat, 25 Jul 2026 07:00:00 GMT",2026-08-09T20:50:37.339606,en,"Umno, PAS youth wings hope alliance will extend to GE16 - Free Malaysia Today",False,False,False
GoogleNews-Free Malaysia Today,independent_left,Noh Omar hopes BN-PN formula sparks ‘blue wave’ in Selangor - Free Malaysia Today,,https://news.google.com/rss/articles/CBMiugFBVV95cUxQQ0JnZ21uVmZGU3htVTZQaTJFY29QZFZVVlF1QWNweHVMdl94Nzl4NUs0b3hZVURBWkt5bTNWRmNMQ1BVaG5iOXEzZlhnYlprWXcwaXU2bXg2eklnWlVNdFo3a3U0Z1FkUC1pSmVQbGtXUTI0TnhhUnVTWWxmc3B1LXdjd0ZZQW9uSVpDVkFCQkhMT3E1RF8tTGM0eHFVcjZnTGVieGlLa2ZIVTZGa0lMakxIaHJjcFY2alE?oc=5,"Mon, 20 Jul 2026 07:00:00 GMT",2026-08-09T20:50:37.339606,en,Noh Omar hopes BN-PN formula sparks ‘blue wave’ in Selangor - Free Malaysia Today,False,False,False
GoogleNews-Free Malaysia Today,independent_left,"Onn Hafiz factor and PAS backing led to BN victory, say analysts - Free Malaysia Today",,https://news.google.com/rss/articles/CBMiwgFBVV95cUxQNkQ5WlJ3M2hPamY0WkNTRHpkZWxwTmRtTlhfZ09EcXc3N0pYa0tXMjlLcEhKRUVSNjB5ZC0tclRWQWNGdkM3MW1MMnFHMzNuQ1NraGd1SFF4X0c1Qm1PVW1MMWEzUlpFa01uZl9MbDZiblVlb0ltRWpCVldKRjNSXzMtNWxKcFRGbVU0YjZscEZaNHB5ZFozU1d5UGtvdXdIR3BUQk4zRkZzb3lxbXUwemYxMTdtRTBZdjZHcjkwTjBzUQ?oc=5,"Sat, 11 Jul 2026 07:00:00 GMT",2026-08-09T20:50:37.339606,en,"Onn Hafiz factor and PAS backing led to BN victory, say analysts - Free Malaysia Today",False,False,False
GoogleNews-MySinchew,unknown,"If DAP exits the government, what next? - MySinchew",,https://news.google.com/rss/articles/CBMickFVX3lxTE1VbUpIWnpfZnlwNWRyR0lYMm81VTRKUlM3U001NEliVFQwajZNam9WbFR4OFQ5MWxQdzRuZlY1NzBzeDdGQUtpbVg5VE9Tb3hHQ2EtaXNRbFAyNWE5dkF2WEFPd1Axa3BFNENJWTBUYXRpQQ?oc=5,"Sat, 08 Aug 2026 13:08:41 GMT",2026-08-09T20:50:37.339606,en,"If DAP exits the government, what next? - MySinchew",False,False,False
GoogleNews-Yahoo,unknown,Negeri Sembilan votes today: 10 seats to watch in pivotal state election - Yahoo,,https://news.google.com/rss/articles/CBMigwFBVV95cUxQRTA2NHZIYU1OdHRzcmFVY0djMEtKV05abENDMXdLZEZSamNkclA4Vk1FdjNMbGJXb2x4Tnp6WGhTN3N3eW5CM0lXTmZ4MmJRQWhCdGhlZGllVkthU1JwRTFQUFZYYlRuN2NhQVVJOUpJSENVcy1Dc25KQmtLbWtEUDRSWQ?oc=5,"Fri, 31 Jul 2026 07:00:00 GMT",2026-08-09T20:50:37.339606,en,Negeri Sembilan votes today: 10 seats to watch in pivotal state election - Yahoo,False,True,False
GoogleNews-Newswav,unknown,Is Bersatu running out of reasons to exist? - Newswav,,https://news.google.com/rss/articles/CBMiiwFBVV95cUxOM2R6V0QzSVdxei1rOWVPUzF2ekZ1UlhZN01iUGtFM3NTSkdrTUJCeG5XenJJTTktMWV3bFdOam1oOUNIZ18wczdjT0FXQnZQSU9FSWJuM2ZKTDYxeENUM2RmYmx6RzFXbm1GemhkalludHQyaWhsTTUxTU1xUjd0cmQwdkV4VzRVeWxB?oc=5,"Sun, 02 Aug 2026 23:00:00 GMT",2026-08-09T20:50:37.339606,en,Is Bersatu running out of reasons to exist? - Newswav,False,False,False
GoogleNews-Newswav,unknown,"No seats, no allies: Bersatu faces bleak future after Negeri Sembilan rout - Newswav",,https://news.google.com/rss/articles/CBMiswFBVV95cUxOWHdoMVNVc193cnU1YmpHbUZCeVFqTndwUmFDenBJMEJ4bE93SkdobjNmc0dZVHBReTl2RVVpOTdmOXE4M0NaRWR0UVRFRmlwTGtaT1ZDdmk3YTI2bkFuN214bExlNUlMelg4ektET3ZfRXFKY1VfU2V5NE5jZnVRYmR5ZXpvTW9fMjdGUzFuODVSY3dTQjhpR3VDdzhyUEp4aEFRRUkyUC1FVjFjSnRnS0xCNA?oc=5,"Sun, 02 Aug 2026 00:45:00 GMT",2026-08-09T20:50:37.339606,en,"No seats, no allies: Bersatu faces bleak future after Negeri Sembilan rout - Newswav",False,True,False
GoogleNews-Newswav,unknown,"""Bersatu will be buried"" warns MP as Terengganu chief quits - Newswav",,https://news.google.com/rss/articles/CBMinwFBVV95cUxOcU9LMFhHR3VaTVJwdkxRQmt1NlppTjNfNEQ5XzZNUHdOck43Y1Z0OE5fdFIzSVlXQmhUcjEya1U4QXg4RXZENDByZWVkUmU1Q2o4ZlRRd2FaVVJDVUdJdUxqYTZXci1jaUhfbTFtM1JJd1Y2TFk3TmZIX2FrS1VBTEFxMzlJYWt5aXlUd1Y3WldPbUNOLTZ1N21ldUVyT3M?oc=5,"Fri, 07 Aug 2026 07:51:00 GMT",2026-08-09T20:50:37.339606,en,"""Bersatu will be buried"" warns MP as Terengganu chief quits - Newswav",False,False,False
